,vid,label
0,c---zaDCTaE,18
1,fCZi6I6kPpU,18
2,EV1bVf8Bldk,18
3,OXvrQ0XIAeM,18
4,DxQmMOIMRt0,18
5,lDo2BlqTNhs,18
6,rqkPh5iYujg,18
7,WBdWZGDIQ5E,18
8,bzWIuMC8Vl8,18
9,qRUirWhTreY,18
10,8H9eDAVMtMc,18
11,qFh2hzDKpOQ,18
12,5wHd0VafUAA,18
13,tEx2DyBtFuk,18
14,5mBCF05DV5s,18
15,PBNiUVkJn9U,18
16,2wrDhwN-NvQ,18
17,TKd9459xiBk,18
18,dnGW30q_7IA,18
19,mywvRrNg2IE,18
20,k9QU0rLvu70,18
21,BypBw80i7GA,18
22,F9zSHQFLLOg,18
23,5hGZVNAzZ1U,18
24,0FBFWPKJNIU,18
25,_QQP43H56TA,18
26,8-b-6bZ2q18,18
27,EMENiImb_1Y,18
28,FBNg2jl_K7c,18
29,Ttqaq9OhRZ4,18
30,sHeesHmUoIo,18
31,b6nkPmL55po,18
32,ChHA4I5DWVo,18
33,howjD-RiwKA,18
34,NwfdXxNB6zs,18
35,5UAwQRotU9Q,18
36,ljRo59Lb71I,18
37,i7LbVHMrs_8,18
38,RUQfqCEo734,18
39,HtT13EI1_tA,18
40,N_bL5F7K9IA,18
41,iMBjRWoBkoI,18
42,NlNaUpYSagQ,18
43,utIXg-Dp2Yg,18
44,F70PNukSzMw,18
45,mkijyf_P1Wo,18
46,iAendlwoWYU,18
47,TTYevyM_tUw,18
48,vX8BvVKMfqc,18
49,e-MkVbRmlIo,18
50,g0DAdD46HB0,18
51,mgsi5Glqi7g,18
52,B1tbHqjK434,18
53,-mlWcker_3o,18
54,ah-Z4NPR1v0,18
55,kPsni0gM26A,18
56,235CwPMzBUU,18
57,Wlx6cREoAo4,18
58,gxI_VHCV6qM,18
59,Dzb1TlmWmYM,18
60,WM5R44UMLq0,18
61,iHCnXCi1-Xg,18
62,Xq5oTX4-Hnc,18
63,VWi2ENBuTbw,18
64,RUhOCu3LNXM,18
65,nRKU5Ns6cnU,18
66,AiJTCFtN0BY,18
67,l0QJ30VXvGA,18
68,0A0xlHVADkw,18
69,aMqrOEG5AxE,18
70,4vjDR_uDA-Q,18
71,FMlIzLuIGzw,18
72,Puo5cNcwawA,18
73,LV4ueNAZVrM,18
74,4c0uLxgFiVc,18
75,WW8Scmk5YsM,18
76,4akybxlJ67I,18
77,LZYidtJoWO8,18
78,LVfwQqtcSfw,18
79,pkdMwCqjtzw,18
80,eLJ-1bzHleU,18
81,gtqH0ghizQo,18
82,v-fC_-v8gj0,18
83,1mOHH9xPSRI,18
84,MCINU6Rb75E,18
85,ovlSmajJXxc,18
86,XtayTXu581w,18
87,1_4j6VRHZAw,18
88,Qocj8lVXvWA,18
89,e_5ngCwYckE,18
90,3IQHzT5O89g,18
91,rAk7tyXYIU8,18
92,Zlwu4AROYzg,18
93,nUo8RVTx_d4,18
94,Gavpgq1WWh4,18
95,IW-EBHnhHAI,18
96,oM5CRdBtKao,18
97,9U3n8WVLTKQ,18
98,oKkx_7snEP8,18
99,qMZ1nj4fDas,18
100,88pXcwZowhM,18
101,QPXMFPTuxJM,18
102,b63av9FMnMA,18
103,otz4AffLKKA,18
104,cjhDu8BokA0,18
105,i5DOcfr2h18,18
106,aMacjQ9_4FY,18
107,fbjHO8McLxk,18
108,HE6-xn3yROY,18
109,V8jbmbQk0yI,18
110,RmnYpN3XxXw,18
111,iXpsqeezqJg,18
112,7DbsH87BZHs,18
113,MQLRFWXq8MY,18
114,2GhLSOPjGMA,18
115,80TUHi-3QuI,18
116,Rnc4N2vVoV8,18
117,aAM11PIFB4I,18
118,Sqgc73hM6kA,18
119,LUio86WKdfc,18
120,tr-C-X-GOXk,18
121,Rar7ZLJbxO8,18
122,kXsp1e7LuvA,18
123,JYtxd-8D6OU,18
124,Tc1822d78oA,18
125,g74_yD24iks,18
126,-J2WJaG1Dd4,18
127,g4yvlYbG1Mg,18
128,D-1zfO68xNg,18
129,frml0pfb_Jk,18
130,HeZr6sKmSgM,18
131,e0vkDOf20AU,18
132,dS8UpWyUilQ,18
133,f8uli6eFAss,18
134,dVeOxT3fT8c,18
135,GEJqlH0mCX8,18
136,3uDl8Uyu-Fc,18
137,aCFSsc8Q4So,18
138,oCYJZmi--QQ,18
139,7KKnsh4AkQk,18
140,g55aHorM9fc,18
141,uYB1VQ52h6s,18
142,FuKgspEtMTo,18
143,MH3m4AwEcRY,18
144,A7L1ppU17Is,18
145,d88slBelHe8,18
146,TEAHz5kw8dM,18
147,b3AAWs6-uas,18
148,eRF4KAXdn0w,18
149,gjCew0Kp0iM,18
150,3ABx8xzQcs4,18
151,C6PT_vPExmc,18
152,0I_WwkebbeM,17
153,-ccciEuH9FE,17
154,0PGdsvvYLag,17
155,0KRqW2_b2wI,17
156,00N83yxKYUI,17
157,0FJMXT1NJQM,17
158,08IBKf1jJQ8,17
159,-UCPBAWhQAM,17
160,0RrXwp-m6uY,17
161,0779k0IOxkw,17
162,-AVfxHm4Y9A,17
163,0LJrMyxxxfo,17
164,-Yus8Ut2fUE,17
165,-Jnhn1NE54g,17
166,-3jhHgFEUp4,17
167,-EsCFzhpfCI,17
168,-H6BJfRqeno,17
169,-vx9zMc57AU,17
170,-GSCu896zWQ,17
171,0MWno7YOWK4,17
172,0dOhn114Xng,17
173,0pe9Azqa3N8,17
174,0GUjeQgnxq0,17
175,-2mdF47kZ2o,17
176,0rv-EVSEUUU,17
177,04pxOCRZfhg,17
178,0RoAsnTIm5Q,17
179,-tbgjodN-EU,17
180,0zPU4mw3bvY,17
181,0I9Vt2x71d8,17
182,0qvQIuQoODo,17
183,-v9k87jYE0Q,17
184,00AoQ3PeETk,17
185,-pi6fEexydo,17
186,0duq5feaxqY,17
187,-TCDqe327us,17
188,0wVM3uHLbfE,17
189,14S_r3opEFY,17
190,17PmRIJG9BQ,17
191,0vjGsf9FLgE,17
192,-mstarcmomw,17
193,-XmzKGZUnA4,17
194,0BhWZstb-Ns,17
195,0Glu5tCvIo0,17
196,-n4MmiWZnGc,17
197,-N0eWDX5v8Y,17
198,0rpm7fu8kOA,17
199,15pI-cO__lE,17
200,0mwUH8lRgFc,17
201,-qesxG4nu14,17
202,-oxIb4pGuh4,17
203,17gznXK9h44,17
204,-j9TbKCJMwI,17
205,-ogkuDwDw_s,17
206,0fLBygmve-E,17
207,-J_mFjrsMlo,17
208,0RnOTiwvgK4,17
209,-FdpRMw2CYs,17
210,06OCI6Yo7a0,17
211,0FF2Dm9GMDE,17
212,17tdWaF8VdA,17
213,0BV2NBQzQ5A,17
214,0zz6Hz52uHs,17
215,0rCdk2iMHSQ,17
216,018WshwFA94,17
217,-RlKkB4IcwE,17
218,0PS5dpjl7Vk,17
219,-4p4mZRIJ1s,17
220,-JDu_58J-vY,17
221,--HuBNHXu9I,17
222,0Bq0HyHm6_8,17
223,0z5DjT0a860,17
224,0Te4VzJujsw,17
225,-BQU6akf0qQ,17
226,0BtXs8pJmOg,17
227,0f7iF3vw50Y,17
228,-q4HLzyMUxc,17
229,-nJIexRFfVQ,17
230,-JZQwilSX9k,17
231,-t03ktje7jE,17
232,-NhJg_6k9CU,17
233,0EJFXZmK4LM,17
234,04Q-e-iNVi8,17
235,-oLwINFIPQs,17
236,0-aEZiPFkzE,17
237,-s3-Hnlvr3c,17
238,-wRJDykO59w,17
239,-YpRG5qEj-A,17
240,0-tUz87_uLU,17
241,17AsI52QIx8,17
242,03tTdPYjDbI,17
243,0teEyWmhLj4,17
244,-LvLoYGVfX4,17
245,0HGsJff6DOo,17
246,-lyM-5oOCjI,17
247,-QmzOJHDwH8,17
248,0doFG6PA1vs,17
249,0MosKyMBihk,17
250,0qPqcZFmwEQ,17
251,00vW6hUFKRQ,17
252,-_TT79lrHvU,17
253,-3rT1s94s3c,17
254,0Qt3f3Mj2Gs,17
255,-oQdrnUIhVw,17
256,-tmrgIt90mA,17
257,0g_yL-_a0k8,17
258,0wl59FGpEIw,17
259,-1UcysYcIKg,17
260,11RPJloKKWw,17
261,-DynYB9o5yg,17
262,0giAfYq9oVM,17
263,0JDc79hZo5k,17
264,-W_RCk7aPOg,17
265,-q_9x5bLKyM,17
266,0Gr7r7oTlqo,17
267,-hChcJAh5N0,17
268,-9R4WPSKE3Q,17
269,-ipvocZCWjs,17
270,0jK24ewcIdE,17
271,0X_M1R4YwP4,17
272,0MekMqiPc3A,17
273,-2xvB13pgTY,17
274,-E-Bd2J7Efo,17
275,0_p7OHdHpiM,17
276,-v_0rhBaWfQ,17
277,0SbjiZgDK-M,17
278,03Uae8NuzNE,17
279,-eF_bRS5kP0,17
280,16z_7p3kOQw,17
281,-sWYVL21pew,17
282,0yjCNGc9Nrs,17
283,0nqBKZrV_4o,17
284,0i24WckNCeE,17
285,0Jm6aODb5JQ,17
286,0SLli-eh_Dw,17
287,092mHVjlvaM,17
288,-tw8rn9BZ7o,17
289,-dqRTbErvlU,17
290,131FX2gFLiE,17
291,0NYUK2Ba3eA,17
292,13FuRK9C3Yc,17
293,-nJBHEz-3ls,17
294,7KSXUptBBYQ,17
295,N-UeTwaW5UQ,17
296,M7hcb2v2Z_0,17
297,CULZ1SLVGss,17
298,As5Pqpb3fsg,17
299,DRSiR-dkmU8,17
300,FsTXNxD8M2A,17
301,B9C0Op7MmkM,17
302,FVIFuRVAF5U,17
303,L19JIkJveBA,17
304,Joa_c5pYD7Y,17
305,077_m7wNT3I,17
306,7jUSEnnh5Ew,17
307,EIy5p1Xdgxs,17
308,MXBgLjHZcHA,17
309,2xobBryGD3A,17
310,2_ljDKHdv6g,17
311,N4QGTrobCxs,17
312,HdOeLKqorQU,17
313,03LzjpuHPT0,17
314,-nvJc7KvBJ8,17
315,2R8c_BR_kSQ,17
316,FM23Hwa0JxI,17
317,1uSavuICk1M,17
318,2Pdig-LaQo0,17
319,KibkO30TIGQ,17
320,E_1Asfq8it4,17
321,6e0_dUsCsVU,17
322,652KFi0iYBc,17
323,LyUDAW2U9Z8,17
324,FUDwqBG3YaQ,17
325,J3_Q0qL3raQ,17
326,FIzJB8UAB7s,17
327,2QKUFwKvRbA,17
328,MkJuGDph-1k,17
329,8VFNMp5K9zM,17
330,Hdu21U_FVs8,17
331,8ElyGpd6vcM,17
332,-P6nEMyReaE,17
333,9De2rgypTfo,17
334,C1EZ_2Fm1O4,17
335,J_lweeqInQo,17
336,6IiL4MF0Z0s,17
337,36xzrUTlmKw,17
338,CTwZONeLVrM,17
339,3KALVyKRScs,17
340,8B0fnWSFtyQ,17
341,JJAwEOQr7Co,17
342,BaT_gnccoF4,17
343,I89oTOuj1Ew,17
344,1H2XD5lUp8w,17
345,MpMwOWkg1u4,17
346,4gyda6wcww0,17
347,3mV_kzIAfb8,17
348,7a-SlB-TV9o,17
349,J0p_joNdGe0,17
350,KgKMe6oIkJc,17
351,F3AsQHJE5E0,17
352,0kTHgSzQkfw,17
353,5C2Ogf7efdU,17
354,Ao4ls4kFejw,17
355,E0IxV6UEqZ8,17
356,NDsC25x_gUI,17
357,MM9O504q7Zc,17
358,5eMCEnwZkcY,17
359,1wJoXRIRBfI,17
360,EvHgP6eSPxo,17
361,3iYj8V-OxJM,17
362,K6F1sogt46U,17
363,84Fw-jojR6E,17
364,6o8Iq_QBZoQ,17
365,-9YohOxYZ0Q,17
366,JBFvyolYWfA,17
367,CNxIeasZD74,17
368,12lHWBzDR9E,17
369,NOy1JrCodP8,17
370,BWPAtch_Xvg,17
371,Az3L_C6lAN0,17
372,Lj3XXQvlbRg,17
373,BJkDuJ2Q3uo,17
374,HeLXU0sydjA,17
375,MWFQerde_h8,17
376,DuYDDdcT-DM,17
377,B6kHGmBYycY,17
378,Eytilpo3UhE,17
379,J-Igx1Ucy-Y,17
380,8gYX8XhEOyg,17
381,CZVMFTPG_RE,17
382,6IKre5MZpAQ,17
383,NeWW30WZjPc,17
384,3xbAoVtkinI,17
385,5pSsC39eUHw,17
386,3k06yhK3sfk,17
387,IXAL71JiSAI,17
388,3nWeAosWK40,17
389,E0sj3IDKZME,17
390,F2qTJjE0pUc,17
391,7Hn6I8Sxr2c,17
392,GmetnCLxFHE,17
393,7MWwLEBjki8,17
394,K-VceyH2f6c,17
395,BHdi8AH1McE,17
396,-5rnGk2e1ao,17
397,0eaVWAwYCyU,17
398,8Jil7lxOl3w,17
399,CTMn3L0C5kI,17
400,8x8WnIpPisw,17
401,5KEPA_ORiVI,17
402,DxXFfGtu2zQ,17
403,2uRe-e8RVEM,17
404,Iwz2CW1hsVI,17
405,-XZsrkx1QTg,17
406,BhO04bUXL54,17
407,5-xKnAigQnA,17
408,I-1qF2Aa-uQ,17
409,H_bgPn81rww,17
410,L1wGG8KdOIw,17
411,6Flj55tSIQE,17
412,8C3AADRMw-4,17
413,4AYySiliYAw,17
414,1KZ0cJhqmW4,17
415,DAa3RlRYqus,17
416,6ExUE6V95Tw,17
417,LPmkUnCv6ow,17
418,4xW7mL-QIQw,17
419,Hbbfhs4R31c,17
420,0pxLE0wNx-I,17
421,JnvJwrYVeJA,17
422,-84CyEpynsY,17
423,B24WpHI9NBE,17
424,LEcrcFHKb-I,17
425,CalrtHAXuqs,17
426,BKRWEAYxHg0,17
427,E1FHRl3Qv_o,17
428,5hoASlZuPeQ,17
429,2QhjPJv7ido,17
430,HA9yvpvCI7o,17
431,8zL4trFJ1LY,18
432,0ws3LwMB9ns,18
433,JY26Uaws4DI,18
434,6VDVoRwopWE,18
435,Cvq5cPBfeRI,18
436,8laqrpkzTKU,18
437,GqFSNyW1Iis,18
438,Dzu7hVtOiFM,18
439,KLjwk9s6XsQ,18
440,8DxT_XyaT9w,18
441,G_R-8h08GKk,18
442,AAd3ZzKX1kg,18
443,Fc266wAbj_4,18
444,1dGmguC1hJk,18
445,Ip9JKi2ffg8,18
446,1AfXFAf3trQ,18
447,BRQVmM6fSak,18
448,-8MpVkOt4Hk,18
449,-iAUOrx_4Hw,18
450,J8DZ-gyauXg,18
451,KIFXOrj3lp0,18
452,4cuwf0Sq7lE,18
453,DynoOMg9Mvw,18
454,Cu-W6A6FRPc,18
455,1Co8vdldU2A,18
456,5Xy6dks_Zjw,18
457,5Mo7W3FN6ms,18
458,5_Gi8Bv8wZE,18
459,HNm214SkJPM,18
460,5-I8cdKmRCc,18
461,8vkOYo3ha1Y,18
462,3bZhLPACkUc,18
463,C7aKHANH3Sc,18
464,2xF7HatK22k,18
465,C3q2vSaKlHM,18
466,DO6HpMTSkF4,18
467,ACNFqxv_A0Q,18
468,B58-khpq9Qs,18
469,G5dYqqk97dI,18
470,2DsqCMYTVOQ,18
471,8q5l9_OSl_A,18
472,IuiGNyXXZaE,18
473,55k2oh0wtug,18
474,49ugTlJOSlc,18
475,2coSAx95GQU,18
476,3sV2UltJaKk,18
477,FlIOhn_oQLM,18
478,4nFtdiPKmZ0,18
479,EtwTPin7I1Q,18
480,-6oO5OktZVk,18
481,DBKdnHyDp5U,18
482,66_1TQ1FsT4,18
483,FQpo_whik1o,18
484,BCzr2lsLulY,18
485,0vWh6Knoer8,18
486,0rOrlLPYRzQ,18
487,12jPv5y32w0,18
488,-Mb3QaClyJI,18
489,CN0m9JCu4qA,18
490,5j9AJOlOzJI,18
491,EtdNyMsl1f4,18
492,CNB87LiLXso,18
493,Ie2KkAvU1zU,18
494,5BRITqoxrJ4,18
495,AdovQEX-Jco,18
496,-ZxXzLFFqAA,18
497,DRJL6tJFS98,18
498,FPIVRAQI9Ao,18
499,5qRMgTBO9NU,18
500,8bOXqESYb8o,18
501,-7hEpq9YLs8,18
502,E9jM9yUBZew,18
503,H9zD1nVSw9g,18
504,D8C_w71_4KY,18
505,I-KEgJSZ4c8,18
506,CI6A-TGvlRo,18
507,7633eW447cg,18
508,EY3fFSkPbaA,18
509,Es0nAaj9eaA,18
510,6qupraZ3Nag,18
511,40RKegr9zk8,18
512,1Qdk6W5OaVo,18
513,6cc_-n_lKiA,18
514,HTJLR3jbYTg,18
515,7brboN4nzcE,18
516,21BlW-li2Q4,18
517,0QPmJcB7MZU,18
518,2NRNCVQRJWs,18
519,CtdG32YHaTA,18
520,HQ6bw3Eou1U,18
521,1xKLPsJx7E0,18
522,BTVyXZR_iHM,18
523,-SuOK31Shjo,18
524,-Kj41tZzwUk,18
525,2F-k_NG5Nbo,18
526,3PxyZDi24Hc,18
527,3Xb3gGBvUBY,18
528,E99gGotJmUE,18
529,56KgxEF8yrU,18
530,36I3i529AiQ,18
531,JKJCpS-ejTs,18
532,4CzHeROJhNc,18
533,6nakxDQFBlI,18
534,2yKeNe31rpU,18
535,-LmeyyQrsCA,18
536,1Kd1eUeaKdQ,18
537,4X5rKJYvVfU,18
538,7o74RiDSb_M,18
539,5CC4RUxyCCI,18
540,JH9DchBimmE,18
541,4vird5nc6ik,18
542,052ec29Owas,18
543,Jt2ycIPZ2uU,18
544,Dc1MkxD0vME,18
545,8SQPfoFvUpY,18
546,-Tm1A0YWcY0,18
547,1QLdlIqDyHA,18
548,HyAGOtC2wtM,18
549,HLqhkZAW0K8,18
550,ESEEIPdBkog,18
551,-hFfhRVMYj0,18
552,Hp9Xg_DWJoQ,18
553,95jht_g3AXc,18
554,5nZu6QpfG0g,18
555,EMYgFKAZyf8,18
556,3qOK68-L2cU,18
557,58YmBQRlM0k,18
558,3p-N9U8C8gw,18
559,IvO1zqoBXAA,18
560,BjKc3RcWnM4,18
561,1Hdxp8W6IV0,18
562,F0Hr4Fy89f0,18
563,IOBbVjG2IC8,18
564,7wv251gTz9g,18
565,AQvhFMkI51Y,18
566,36ifFEokXgQ,18
567,9fjgGUKumyM,18
568,D2BfXuSxZLg,18
569,ANcBSwpwbZc,18
570,JBjsk5ha-Y4,18
571,BuVVYGQmC_I,18
572,2f0JKXfTPrE,18
573,BgIPAH8GV4E,18
574,GjDwrcfeZvc,18
575,AT5-AmmWlJI,18
576,KVZ3Yq-RGg4,18
577,-UX39TNCoJk,18
578,8wJGJIqr_eU,18
579,1ZeXHvqcMRE,18
580,-WsmwJzAgLo,18
581,2Jnv4ouZEEw,18
582,-Nh8B2B_lPU,18
583,4K8P4BoufRM,18
584,4DFCW3aPDcY,18
585,3Jfh4vUaw18,18
586,3As6JHFBlVg,18
587,4xudimm40HY,18
588,5IRu9K0yzxQ,18
589,-WwAxd-BBrs,18
590,22olCB3wQaA,18
591,6u_CZHfvlWQ,18
592,7wtsszJc6V8,18
593,446Sa0G5xCA,18
594,4dSzEEFUMxM,18
595,44sFddUuZDM,18
596,3N_MqBnppv0,18
597,3obLPXCKYpM,18
598,2MK_wQr3Msw,18
599,4Yti-J4YrX4,18
600,7ZGjZTmhklA,18
601,6QipAjvqRgI,18
602,3lbqsEFf4Qw,18
603,48OZxhWjepk,18
604,3LgI2wLOgVE,18
605,3HmqJtS2q2Y,18
606,1hA5COzE6sY,18
607,2JaOuIcH_2U,18
608,-iWt2y7orGc,18
609,5apSJFQBrOc,18
610,1qJMhqDhaqU,18
611,3Nwo_WKoHwk,18
612,7iseubFVGVQ,18
613,5QJ8SOQQZ7c,18
614,8KskMOm3vDE,18
615,4WfMsMlZgFk,18
616,6KO3eMyEeOg,18
617,6MST-YckqQ0,18
618,-kOR7aKjFZw,18
619,5LAmVOm_sx4,18
620,7sByY3EL3bY,18
621,6-qpfoByoa4,18
622,5JSDRgTCt7M,18
623,4Y_NJx-p_wQ,18
624,0fM0Ssy2QPo,18
625,7NUqdE-24VA,18
626,-ltM8L2kktU,18
627,-afoF2aiV0w,18
628,6hL8HNIGdcY,18
629,3ibg2eaD2jo,18
630,1LAknnlMGEA,18
631,5e_TRzVOHLo,18
632,2zCcsxgX2_0,18
633,8QDaWF7Ps6A,18
634,3bbswz0Yzkg,18
635,2S5BMgtCq7Q,18
636,-n2EQH6q-2w,18
637,5rI2La8NG7w,18
638,-sdUv_DC28k,18
639,5WVAcBwifo8,18
640,8-sPfzsLr2k,18
641,5G-0Rma9gJU,18
642,57fIhnZBDeI,18
643,-G7eX4G5Frc,18
644,3Y5XYAlo4ME,18
645,1bjZQVkbOdY,18
646,-jwhbq9xZp8,18
647,7dlXw9MV9U0,18
648,2odAQZHNDRU,18
649,7LvrJxH3o70,18
650,-Yr66H8rlAU,18
651,-f84OxDzI54,18
652,2jXY8l00Poo,18
653,-c96lccP5nc,18
654,8FnSsokvqj4,18
655,3Th367zDFec,18
656,7lP4OIywYO4,18
657,3zd4SD32QfI,18
658,1baytYmpcTA,18
659,4ua_-6aELrI,18
660,73jR_P3k8Ok,18
661,3NPJcISOvLc,18
662,6d7kNY4LGqQ,18
663,5jZ9_geG6t0,18
664,3spkRSuAaYs,18
665,-rdjUIVtyZg,18
666,576UgLDJwdo,18
667,0rrcR5ML7aI,18
668,57kFw1rqgWw,18
669,1DkfRgtApF4,18
670,3UPXKVOz_PU,18
671,1plsefHccZ8,18
672,0Q4dvc6ZjZs,18
673,7njTG7RNNcs,18
674,2eaK9N7Wsms,18
675,6fFgupzqqTQ,18
676,89IYTbZz0UM,18
677,-Z6NTNuLOTg,18
678,8-NdOdHi7Aw,18
679,1_EZv9lcy4I,18
680,7Oz8a2uZjW8,18
681,25JfZpQfJ8c,18
682,-lg_Oz9glTY,18
683,28nsX8pg7S0,18
684,-WyobeAiz5Y,18
685,2hfcKN22z1g,18
686,-1q0XHPxqe8,18
687,2BY4lNq_uGs,18
688,3JAjNVImec4,18
689,0fIUmzUs9vw,18
690,5c-I4iyLr8s,18
691,5WREYg7Oog8,18
692,5JHNje238Gg,18
693,3cMqNcphAxE,18
694,2U1u2GjkYTA,18
695,0JVINGZaGPE,18
696,3YuBzhAU_Yc,18
697,0WiZwf2uRgQ,18
698,5vD5nr9SRsk,18
699,2hQ5-4-knxk,18
700,76HsyXBFRnU,18
701,1Ie5wdMp3mk,18
702,321--jOIuTU,18
703,5l2xM19_hjk,18
704,1_5PLcKZaN4,18
705,-qYiJpX6cHc,18
706,4xiXdC2QHyk,18
707,6LanwlvMooY,18
708,5b28fA_Xo7Y,18
709,8PfAEW-985A,18
710,42Bq1abaN5c,18
711,0rpjOa_ecvc,18
712,88_NB1jCIj4,18
713,3LNQZCaXrMs,18
714,-tIE2qVG1Bc,18
715,0H69EaH1AN8,18
716,49T03J454EU,18
717,6mReoKOn-iA,18
718,8GNlbYDeHE8,18
719,6ySYK0CFbrs,18
720,5h73UUgYA8k,18
721,0pV0WP9I1zo,18
722,1bhbl7bpQSM,18
723,2lbpnXbGVmA,18
724,7E2HRnGoY3U,18
725,27Los1lbSXY,18
726,4Db-g-FYKOA,18
727,01lU03LHruc,18
728,4bma6GcgXXo,18
729,2LTe9T2zwEM,18
730,1X_SXuZnH0U,18
731,13oB1_84jpA,17
732,-csuF-U56nQ,17
733,1hXKHVcN1SE,17
734,1ehMBHY_pcg,17
735,-TCDqe327us,17
736,0lYCzxUKhsk,17
737,1AbraQN5TDw,17
738,0s2Wju7SiGM,17
739,09wv_icjkEk,17
740,-15_ujUhjGs,17
741,-cVZQDn6PNQ,17
742,0nryXC0RnrE,17
743,-Qo6QJo_tJA,17
744,0779k0IOxkw,17
745,-WPdQ49e5a0,17
746,0sAL3SGoQAU,17
747,-Zz2ZHMG6VA,17
748,1gHWNOb6Aqg,17
749,0lFf-HP86Q0,17
750,1qXbCHgo6cc,17
751,1ENeAjUSAoQ,17
752,1jNzK_h-ISg,17
753,1luaGhGRQXc,17
754,1qQ0OCG3nQo,17
755,0NdIc2geEW0,17
756,1Bov3GgLoY4,17
757,0CiRcrHGWio,17
758,-YE1Llcxs7M,17
759,-TFUbR-WO_I,17
760,1TZZO0_euxY,17
761,0SnfAAnpvQo,17
762,-b3vHpLrbmQ,17
763,041I2ehiMQI,17
764,0r8w25rBQ-0,17
765,1ADNvORkKLc,17
766,-JlJFW2q_Q8,17
767,1KOD4f2YSrg,17
768,0XpEG6ryHQA,17
769,0w5O_0J67Zg,17
770,-Ylu5A5pDMk,17
771,-aL62QsxrLw,17
772,066kO16Btik,17
773,1f_pYw5Uih4,17
774,1yKyj281xQc,17
775,0J7NMewwdKU,17
776,0at9V1Ldzcs,17
777,02qzkIBMTEw,17
778,1Q22f-E9a9U,17
779,-NL7tuUyLDM,17
780,1SEN5deyHys,17
781,0q2YcrI6NvQ,17
782,04e9N_422v0,17
783,15MysnqC2IM,17
784,-Klhn0OiCyQ,17
785,-7DYigCiqUk,17
786,-Fk84HEl-7o,17
787,-ukqIV-MwGA,17
788,0i3CysXArLo,17
789,0iTtD8RHj_E,17
790,-aj5MhPpNM4,17
791,1si0yIHBGSc,17
792,03rU2dEkVsM,17
793,1Sp45XJ-gKc,17
794,-9l-036R7ec,17
795,0SOdIMG2J0A,17
796,1XB2W0pBAms,17
797,0z025oeqQSI,17
798,10RQxUIBTBU,17
799,0QgATk3Gvs0,17
800,-7n2lwXUzvM,17
801,0VJa1W21b_o,17
802,-d2YaOC6giw,17
803,1oc_eq2-boc,17
804,-SlN4B7PpvM,17
805,0UKVpF73Uvw,17
806,0w3J8f2ECFs,17
807,1c5kl2itL9c,17
808,0i24WckNCeE,17
809,0LMYIYcYRcg,17
810,-ccciEuH9FE,17
811,-88W59dB47w,17
812,1X3yXUw7Pe4,17
813,0EyRvpCdD3M,17
814,1XZHJgCwJ3w,17
815,1BFpJ67aM6s,17
816,0fHjkiXoook,17
817,0Z_RMWCAJxE,17
818,0eTsymMaeDg,17
819,0NmA9tKpBdw,17
820,0roUiwd5-So,17
821,05g3TVCbDAY,17
822,1RrMaovFW4g,17
823,-Qasv3-SbGA,17
824,-_6ONBcE92A,17
825,18tvCGgxUWA,17
826,0qmhy60KNa8,17
827,-elLA6vzAig,17
828,-_wc9AWT4ys,17
829,1firq5JazIQ,17
830,-IGsyG6woCo,17
831,-7cd9myo7J8,17
832,1BEonVxnQl8,17
833,0Hupk6kyvgA,17
834,13v94lbKNz4,17
835,-9R4WPSKE3Q,17
836,1P4RTxyrT5k,17
837,0rwlIFdDpro,17
838,1VCHaxlF37s,17
839,1LoWXJkNzms,17
840,09pMJyKUdyI,17
841,-3K9y6H3Jos,17
842,0QwLjDpW3Wk,17
843,-iTivTyfpDM,17
844,0NgNB76TTJM,17
845,0vHTUkZJeDQ,17
846,0gGorf7xlG0,17
847,1ND8VUM6VKw,17
848,0fh8oPCElLo,17
849,0wb1u-T46ZA,17
850,-Yd-Mc2L5Sc,17
851,0gDq49p6egk,17
852,0PV3MVLId_o,17
853,-pHFn_KSw-k,17
854,-Wz9O_WKZvo,17
855,1FmSxmpitBA,17
856,1G6nF00GkGE,17
857,1oljETWkf0Y,17
858,1q5fJHQQXlo,17
859,-rsuD0JXLRk,17
860,--9O4XZOge4,17
861,1dl5bCNQWA4,17
862,-4FlKZIo8B4,17
863,0se7kFTtbpk,17
864,0ADHrKrIkis,17
865,0bQdRu0RzOE,17
866,-jjWi-og5Qs,17
867,-s2ciciIvYU,17
868,014i-70HC_s,17
869,07ul7lRva50,17
870,-lxbjjB7bUk,17
871,0I4jIbmmyrI,17
872,EmFgN1D2D10,17
873,7lREiHMv_GM,17
874,F78DbT-liuw,17
875,DrvYM8g3HWk,17
876,E96ur1VuinY,17
877,5Ay777GyQ2Y,17
878,BLPhHIrPYMk,17
879,1H0fdBjsZHc,17
880,AKZxerXZ-sw,17
881,F12XKqXG7t4,17
882,CglrQQudK2o,17
883,-AcwZ-xmAKY,17
884,7Wb2zZQkpPo,17
885,DP39sTllcPU,17
886,99c5p4GvVcg,17
887,0LO5TLbEQzA,17
888,FXuFWtiLMxg,17
889,ArVDnCbQ6mU,17
890,FNKoY0cROHY,17
891,CgGGijaRZ30,17
892,EpBw3lXQ5Cg,17
893,5OowZH6JXAI,17
894,-MBK7t1sbXk,17
895,7PaGJgeMYiw,17
896,0vvHATeHM_U,17
897,0ZOyJM8b0a0,17
898,7YsVOrYcW9c,17
899,43a9o1UL3TI,17
900,FC2dqJhsfx8,17
901,A0bmJCe7zbg,17
902,-WyUAnVpexc,17
903,DZPQHyoP8ts,17
904,91jPcI80dkI,17
905,5Ze_0ECLLnI,17
906,FUE8F5Pr8Sw,17
907,3mvE_CeH9q0,17
908,36I3i529AiQ,17
909,-1mhTVA9zqU,17
910,2siyhxvZpWI,17
911,4m3_sQNLo80,17
912,FYBpc2RR7aI,17
913,3xMSOjiX1pg,17
914,6gC-UfM4t98,17
915,2OeVmkt7p0o,17
916,8-E3tzyQdN4,17
917,AODykrJqBko,17
918,BCyCm2E_GC0,17
919,4hijHihnKzY,17
920,0knMgMsQ-lY,17
921,47GfoGWORYU,17
922,3Jlf2R6FBRA,17
923,7aWM8cEBVy4,17
924,D9EnXMToTMw,17
925,BDGpC-SWuz0,17
926,7behQn6vykM,17
927,-Wr1LEmgz9w,17
928,5RPDLz_RCbE,17
929,-sW-B-uUiPA,17
930,CVok0hnJLZA,17
931,7qXlcJBcBPw,17
932,5-PEMVaZm10,17
933,6OlHuvJR_Dk,17
934,16k-hKzQqKc,17
935,2G3-4D-Mxoo,17
936,9MgFjf90ABQ,17
937,FZGpYL4r4Ho,17
938,CSVLZgWziqI,17
939,-gobcCuHQoQ,17
940,5mlkQdadkx0,17
941,EzPcmdRIlSI,17
942,16Ylfk61oag,17
943,967itZck8sU,17
944,6WUhDerByUo,17
945,EFqwcSJjHqs,17
946,CLm9FYDRxsA,17
947,CCMjMP46j-Y,17
948,FUJYAhOKzCU,17
949,AQh9Zek1q8k,17
950,-HZOsrgheYc,17
951,2rLgSQ6sLxM,17
952,Fqc_5UqYffI,17
953,BZ4ZWaQRP8E,17
954,FjkQX_T8bII,17
955,8gaanZpIl5E,17
956,EPy49OAZV-4,17
957,5_ChtfSQnVs,17
958,8MMDd9rzl8o,17
959,-_G5KZvVCMI,17
960,A5o4-vMEWMM,17
961,5ooG19gLD5A,17
962,1uMyymBV_eU,17
963,0fdnGzlzzl8,17
964,6B2bI7JRiIU,17
965,DOoxj59sxvM,17
966,EOiAYnxF4fo,17
967,D1YtwSPVnP0,17
968,7G9Y_TNt_xs,17
969,8q_vgp0FDhI,17
970,2okJDQuTVF4,17
971,7iIBkME4bSM,17
972,FjkiiZMeI2k,17
973,ALdPf99u3s4,17
974,6aO0A4cmi9I,17
975,9LDdYvmbnD8,17
976,ApqTL3dFTdM,17
977,FK9oTEg-Qms,17
978,5OGUvwQxWtw,17
979,71veX4kAgNc,17
980,0KNggadS53A,17
981,8fpT6nvaEw4,17
982,6U1UM2ehgr0,17
983,E509105txOk,17
984,C4wisOkrsSM,17
985,77Rgr5p7dtk,17
986,1MeRHPU7oTs,17
987,9fewLloOpjQ,17
988,2vXlGSNtcn0,17
989,D_Tb_hVLBkw,17
990,Cw-US2uaOKs,17
991,3ZEHgq1o8PI,17
992,7BYaHGoCg0g,17
993,8_Pmym95DbM,17
994,4-_S8clAs8w,17
995,DrZEPAUwSCg,17
996,-tEpMSIHIsY,17
997,EqrMUYD6Ix4,17
998,3Rgjs_ttdxs,17
999,1BTrRnoPvnM,17
1000,AS_csvqtZng,17
1001,4-HzUlmVNP0,17
1002,47kDSAP4A_0,17
1003,-pcoDyofmLo,17
1004,1pmY5M8h-8A,17
1005,C2A9dIL2ECQ,17
1006,E96pdA9hIPw,17
1007,187cVfWpf6Q,17
1008,4jffpo1xQ9k,17
1009,Fygm03Gw19Y,17
1010,56FMrkKJ96k,17
1011,3WAUAEIdzQU,17
1012,6Hz2So8JxHE,17
1013,9ZsdRZcDAk4,17
1014,3rJj2ydeqpM,17
1015,05yvRPwj3Cs,17
1016,0AZfjBY9tHE,18
1017,06dCAQutFeI,18
1018,-JqByn7kx3Y,18
1019,0NrmVMah5nU,18
1020,-NAZ0ixJWF4,18
1021,-0oSwiPKEj8,18
1022,-CscQIBl36Q,18
1023,-mDW9a2uO2w,18
1024,-LIq9pGlnTY,18
1025,-yvy9lS5DC4,18
1026,-Y2sKwI9B9M,18
1027,083JHGTpL2U,18
1028,-JGD51XS0fE,18
1029,090RykWGyM8,18
1030,-Ro3d3r00FA,18
1031,-Q1CUEeVi6E,18
1032,-X9bMbQzn7E,18
1033,09y9Cjo8qBQ,18
1034,-6Cd_Prg5Uw,18
1035,-n0Ely4TkHc,18
1036,0R4ILgLLd_o,18
1037,0X0qLl0qk5k,18
1038,-RHnV8SgISI,18
1039,0ENppvcY0Yg,18
1040,-i5p-3d7kFs,18
1041,-Qeg1Ni9zJs,18
1042,-EKC_s8NSwM,18
1043,0XGuKUbGgdk,18
1044,-E9YQ_Uhu50,18
1045,0L0hWqQ4mUw,18
1046,-2Z4tIHnFOY,18
1047,-1idZtsYyTc,18
1048,0N4aDYt8vmI,18
1049,-fKtsaoyzlQ,18
1050,-Wryg7wUWdo,18
1051,-uzmhZ24gHM,18
1052,-xtiBEc4RUc,18
1053,-hgcF6fF9BU,18
1054,-6s1gTC8840,18
1055,-d_sRt95HmY,18
1056,-huGQE06qqM,18
1057,0M16447BSZI,18
1058,004KfU7bgyg,18
1059,-ezSL_ZuEg0,18
1060,-XJ1i40XSIw,18
1061,-VV4ZirEsAc,18
1062,-uF5lFI4yns,18
1063,-3GWOM3I5LA,18
1064,-GJvu5hr6w4,18
1065,0JIcv-DFwYM,18
1066,0FYLEr64xxU,18
1067,-3yHOCvKOaQ,18
1068,08EE7Zv2Gf4,18
1069,-sTWUmy-25w,18
1070,0IAWblvBM7k,18
1071,05RY2-9-hXU,18
1072,0X0DtfCcjEk,18
1073,-Ggoa1lqzRg,18
1074,-fqWzXRXP7M,18
1075,0KKDRvBdWsE,18
1076,-ZQw6V4dT1o,18
1077,0YJrISi-lTo,18
1078,-nUmTcz7dgQ,18
1079,-rdwJtcERb4,18
1080,-61v0b2F21A,18
1081,0UNYovC8n9g,18
1082,04eh7k5xv9A,18
1083,-ntErCvN1ss,18
1084,-SQKVtCSRjE,18
1085,0Fk7a-aiZdM,18
1086,-TpU0J8vOlk,18
1087,04x1a3i5gjs,18
1088,-2ijQCslgj0,18
1089,0OSl2IZashI,18
1090,00srV0nyZtg,18
1091,-VPnsBcOq7U,18
1092,0AIodkLmuII,18
1093,-1I7Ku2GAZo,18
1094,07UuUflaslA,18
1095,0KtFutA2J1M,18
1096,-9_5_2i4igQ,18
1097,-RRCnBd5Qak,18
1098,0JNcQYK8a94,18
1099,0TWd6DwQRoQ,18
1100,--iY3Bf4hDg,18
1101,-SL61Q4vRLg,18
1102,-rdzFTStoNw,18
1103,-l8Ks3BawL4,18
1104,-EfnqyyqHuI,18
1105,-AbnGnFITGM,18
1106,-YGR7c_L3wQ,18
1107,-BynDAgP_zc,18
1108,-SmX8cI9ZCE,18
1109,0CzNTEBCTds,18
1110,-24v8ZteFC8,18
1111,-lLcUaZt6Vk,18
1112,-VyEfhE452s,18
1113,0PEMtgW6_mI,18
1114,-DnjK1sLR2M,18
1115,-NCD5jfkapA,18
1116,-d8Q6gOeHws,18
1117,026BvXYsIqM,18
1118,-lzqscBFCxA,18
1119,-odIm2rNR5M,18
1120,-gFVa6dwSJg,18
1121,-wcwrkUJwhM,18
1122,-xZwU-M8vsY,18
1123,-3GFNPmr0_M,18
1124,0WNy38Xx3kc,18
1125,0ONazqtTC-4,18
1126,-iWQIRy_CWw,18
1127,-7tDh-UQR7Q,18
1128,0B_OLBFyHnk,18
1129,-lyAiroSiIs,18
1130,-t25VKop7dg,18
1131,-XQuhhINNSM,18
1132,-nllZ47l4uY,18
1133,-IsuouQLfPI,18
1134,-G9X4ZlzHTQ,18
1135,0EwidalEnG0,18
1136,-utUG50WGeY,18
1137,0U0uwSntM14,18
1138,-J1udlCxfrk,18
1139,-280mIOJVUg,18
1140,0Yzy64YAza4,18
1141,-wDLKvx44fA,18
1142,0Og8Oj2RaZw,18
1143,0-iMdncudHA,18
1144,-hcOpvKXsMI,18
1145,01eaWG7hqG4,18
1146,-QotwZFNJ9Q,18
1147,0ZfizHq_2g8,18
1148,-e96lkRatLc,18
1149,0ba56xUvipg,18
1150,0IbQ16JuAtM,18
1151,-fnxKmxDa9s,18
1152,02BhKBRW_b4,18
1153,0Zlz-cu42QA,18
1154,-hxJwo4l_fM,18
1155,0XMWF5n00ss,18
1156,08iMXjx3IVI,18
1157,-_JY_gVLNNQ,18
1158,-g0SzbEqZMI,18
1159,-enC8sDhRiE,18
1160,-AH16AxvfOk,18
1161,07PXcxt0VSQ,18
1162,0-_8Cj1TtIo,18
1163,-yPVxHKyqZM,18
1164,0ShszGF-93I,18
1165,0I9fe2phsiE,18
1166,0ODqviTw47E,18
1167,22DapbNwnUY,17
1168,-E1Vroh3yh0,17
1169,2EjcbMVMaz4,17
1170,-O6JZg_THsc,17
1171,-xIQ2G2zWfc,17
1172,-sfV2dSHbiU,17
1173,1Uy5_ZcBqXY,17
1174,2Bm3Zpeo2JY,17
1175,1vFdPpeld54,17
1176,-Mw6aR_FTk0,17
1177,-BTusKdsjjA,17
1178,0QHxl_qa77U,17
1179,0WKZxrxHxl0,17
1180,1rCcmrAW9ns,17
1181,19c36lShGlo,17
1182,-PP5Hx17amY,17
1183,18_CQWcNHr0,17
1184,2KIy7kcFs60,17
1185,1zMxPsTPu9k,17
1186,1X-GaM6yDjw,17
1187,0fB1C972a9s,17
1188,-zTASP2V65Y,17
1189,0RIc6mwDRaQ,17
1190,-ub8zdZ6YS8,17
1191,0VAnPig3WLE,17
1192,02uvuZ2KlJA,17
1193,-rZxQqq2YpU,17
1194,0DyF9qIWY6s,17
1195,2BjUyKgD-8w,17
1196,-faXMDW9jUw,17
1197,1mhn6Do2W2o,17
1198,-mHbsc2gctI,17
1199,1_BLcC4Mr1E,17
1200,0Joj06p-hNk,17
1201,-3c95C5K-Rs,17
1202,-Fk62y-1WHo,17
1203,0KmQB2IFeh8,17
1204,0RHYjEmz14Q,17
1205,-O2NYN9A5I0,17
1206,02IujCknWXY,17
1207,-_JY_gVLNNQ,17
1208,-XrLFOaZxa0,17
1209,-VMucqAakNE,17
1210,0B89rImrFoc,17
1211,-YmTTXFmlq8,17
1212,0_ixmalQrig,17
1213,1fioenvrmUQ,17
1214,0BvEqduxKS0,17
1215,0mAJOcH2T_Q,17
1216,-5MpRM5DfFI,17
1217,-EykObuahN0,17
1218,0KSq796EsCM,17
1219,0-I1-DOC-r8,17
1220,2GnUD9XypV8,17
1221,2CP8TX5HzeU,17
1222,2H5hjd6e-24,17
1223,-QVO0p4jbho,17
1224,0p1f15EtJ0Y,17
1225,0yc_iBaIIRQ,17
1226,-cFbJ160-hA,17
1227,-4Y0LjkowqY,17
1228,-e-ZVr_GYO4,17
1229,-A3b9tZs-eE,17
1230,-h7I-CCgCbQ,17
1231,0LRrqxDqL6s,17
1232,0NDdfOUfupI,17
1233,0nF7-MpTtGU,17
1234,2LUiYpPgf74,17
1235,1Q0La5XzFq4,17
1236,0DPGYHI0VAY,17
1237,-gtGMV1jQNc,17
1238,-pn6MtEWQKk,17
1239,-BaY2ollfyo,17
1240,-x6okg0mltw,17
1241,-1UKhxopZpk,17
1242,20heCbODoEQ,17
1243,0dfquUiWARI,17
1244,-y1Pkp5n1Ak,17
1245,25G6abiJUc0,17
1246,0bgXSHa41o4,17
1247,-jHHCTHxDp4,17
1248,-lfNkn9lZt4,17
1249,18EtDBfPK_I,17
1250,-4TJHvjsYrE,17
1251,-YY2Y0PRp-4,17
1252,1VAkPqd10bg,17
1253,-7f3Jc2itJ0,17
1254,-oGtiSwccH0,17
1255,0FoG92UkxIo,17
1256,1bjJ5yKlNwg,17
1257,-_wBqo5pn7U,17
1258,2187lj8WdCo,17
1259,-w6CrjqhlfU,17
1260,1e-wZqDtiAM,17
1261,0sDQRjQ1fcg,17
1262,-bja0Dc1s7o,17
1263,0466MKJ7tQk,17
1264,-oXV2Idhvuw,17
1265,014wEN3qV1E,17
1266,0BeK2AbDt3M,17
1267,0yeb4WhFTZY,17
1268,-CXPQTCphQE,17
1269,2LEvipyAJp0,17
1270,0N4yv1wNM5Y,17
1271,-uwEUd-C0bQ,17
1272,1t9dIA0lR-k,17
1273,1HJCaZaF_TE,17
1274,0Ptziqr4tBc,17
1275,0ev7l1nkxQM,17
1276,1nEyvqO93kc,17
1277,1OcpIkB_Kio,17
1278,2JIQ5CHGhn8,17
1279,0d2eiDp3N5k,17
1280,23Z4Se9i7g8,17
1281,1Gy2t9OSfMU,17
1282,1YAwus2Z5CY,17
1283,11sQB4lQ-VU,17
1284,-OdAfi6xZWM,17
1285,0Yk2jwVJCjk,17
1286,-dKiaWqUJf0,17
1287,03NQmCrlsyY,17
1288,0IJtUPRU6BY,17
1289,0biR8Pad0FQ,17
1290,2GLyeRlmagA,17
1291,0HbpWijLnhQ,17
1292,1v4yttojmSI,17
1293,-9X3h2WLxEo,17
1294,0fsbhgjBvmM,17
1295,-JUE1yeH0FY,17
1296,-nkcTTWWn2g,17
1297,00rzcEOCB5U,17
1298,0g5nE-8EevA,17
1299,1bGlVNcyZTg,17
1300,0GUI0mNURGk,17
1301,0McmdH07r7w,17
1302,0gTirOSN_i4,17
1303,-QMzUFcZM7w,17
1304,1-MTST2LHvI,17
1305,0h8HxZaX9wQ,16
1306,29mjClwVi30,16
1307,1vu3rEPmUiA,16
1308,0WO9VM3BLNk,16
1309,07Pzrop9-6k,16
1310,-mMr3S6543A,16
1311,-lFg_rp6QkA,16
1312,2Z05Dcg_PlA,16
1313,-QVO0p4jbho,16
1314,1MFXSBjJbtM,16
1315,1qrOjqPExcA,16
1316,1IxIvUFJZrw,16
1317,-Ciz5Qz9-xw,16
1318,-k_s7yZFmC4,16
1319,21zzs1O5WkI,16
1320,-N18nhlehc8,16
1321,1zTYiYCegfg,16
1322,1oGivairkgw,16
1323,2qQ7lCLDnxU,16
1324,19obIgE_LqM,16
1325,19SU_fqaZek,16
1326,0f_iTO5t3hU,16
1327,-r3_dzCQbVw,16
1328,-qKTiVov9NQ,16
1329,1vOfe_Fb2N8,16
1330,1JhuwQD0Jsw,16
1331,-qzbB9LVew4,16
1332,-ydzVCB1oNg,16
1333,-V9yRz2lBhU,16
1334,-wwLSHIxjt4,16
1335,2iInCeXo-7s,16
1336,12UDDOv3bY8,16
1337,0-AWASt7xeQ,16
1338,2NOd2l2d5to,16
1339,1lkzwa4iSmk,16
1340,-_hc8mN17g4,16
1341,-rTKkq7PvjA,16
1342,1toyAZ-12KY,16
1343,-1oiBXgssuE,16
1344,0qMHkYM6ZtI,16
1345,1L8VgRiLyIc,16
1346,1iSTc1dg69I,16
1347,1ce0pV5sgpQ,16
1348,-MKm0TPhKaA,16
1349,1E3Uqu74Mv4,16
1350,-1qyr-IzqKY,16
1351,0XGEabNAap4,16
1352,0NwJfHxeDlI,16
1353,23Tdr37Ko-U,16
1354,00xh5DNtdQ4,16
1355,2jEiD0jmYsA,16
1356,20TX1N4crxk,16
1357,-2JaPqD9rIY,16
1358,13mhIKgw118,16
1359,1LuPtkH4vMg,16
1360,1ydZZWtDpz0,16
1361,-e5vRcXkOVg,16
1362,2Y7qqDpdmok,16
1363,1hZV-4QbK38,16
1364,0GGGjF6zXfE,16
1365,2qVuxENcRvw,16
1366,0imJ78XfnRo,16
1367,-4WY4R15nmM,16
1368,-_kWjEk9hCY,16
1369,0FzRCRTeyMQ,16
1370,2hhRZQY2NTE,16
1371,2gTs8EasBMU,16
1372,0QqK0U5u2HQ,16
1373,0YhtMymtVFk,16
1374,0wCBtMTf_88,16
1375,-SLx_3eTU6k,16
1376,0RiQLalc7pc,16
1377,-lStxlbxQMo,16
1378,-XvNSVqRNHU,16
1379,-WHymqVONQA,16
1380,-nPu25KmQqE,16
1381,2BVX5lYZvLQ,16
1382,07aML2ZU52M,16
1383,2p9L2wSE6tk,16
1384,1_xD_7mK7_0,16
1385,0aOckbqixXs,16
1386,1mW1stI1nNI,16
1387,-1NiUjILyBE,16
1388,2V7daNwC7Uw,16
1389,-8oNYbn9WHk,16
1390,1o0xgU4FUj4,16
1391,-riA9LdxG5k,16
1392,-6qVa2xwmg0,16
1393,0rIKtjveTik,16
1394,2et7ldOpKs8,16
1395,-8uiE24x91w,16
1396,-F5wSJwBZjU,16
1397,2FVh5eFSiFc,16
1398,2R6Ppsd2KpU,16
1399,0A2v8L5O664,16
1400,05X04m1TyeA,16
1401,2nYtMePHy1o,16
1402,0JtzzBWr08c,16
1403,0DVDTCjpZwQ,16
1404,-nZcEySt5Vs,16
1405,2-I0oSqmEHQ,16
1406,2UMJkuaqulA,16
1407,1QMl0bBsEkc,16
1408,0B_ad6JF4a0,16
1409,-HRf0jsWypE,16
1410,2eieVfdUiuc,16
1411,2DqzoD3m_9o,16
1412,1CLOP18zemg,16
1413,-NKHrtkWz_U,16
1414,0cKUAJ9rr0M,16
1415,2W_KYL2M3Rk,16
1416,0jUHZaxNets,16
1417,-vZf-9zRto4,16
1418,2_PLS-BBdEA,16
1419,-uBucuEllR4,16
1420,2dmQtVvi3fg,16
1421,-q2paSVuDuQ,16
1422,09RaG2951nw,16
1423,-otTsLHKEh4,16
1424,28bKSi6GCfE,16
1425,2BNnBRomt2k,16
1426,0m233BH8qu0,16
1427,-lPBAqIopMo,16
1428,11jiKbSqv7Y,16
1429,2lE-RWT9T_o,16
1430,1GMx8Gu5h_g,16
1431,1DREQo2-CLQ,16
1432,16eUxQwxxbs,16
1433,-RZ7_2sErXo,16
1434,-gREEONxBkk,16
1435,1sSJ0VII-4s,16
1436,Acv5XdRQYUg,18
1437,621uG1-AkPg,18
1438,4GNasJv6pKg,18
1439,A_Ed02Fc8uI,18
1440,-x849pIf37k,18
1441,5-P7x4FV4lg,18
1442,-1IQfWwrPbc,18
1443,-mNmhJs1pYM,18
1444,3ZRozrd07kY,18
1445,6zBQwvfO958,18
1446,APFTR5YK-X8,18
1447,2DF8mtDke8k,18
1448,ARGOH26GlSA,18
1449,5MfA-Ty5Bug,18
1450,9woSSMs77wg,18
1451,42-izEP4vjM,18
1452,7BrW2OIEGE4,18
1453,0oUbMWJgokM,18
1454,24MAv47JAmM,18
1455,8-wMKTMviuw,18
1456,-oV1cM-I3gY,18
1457,9ui9IiwF6w8,18
1458,6DMX8gljdqU,18
1459,94P0VLAgTb4,18
1460,9_HGCP0zg-4,18
1461,5J603SAj7QM,18
1462,A90wPQ80DVM,18
1463,0wQpnBSQ4fY,18
1464,8EQHKEd5mm4,18
1465,1pwPeNfpA6g,18
1466,A_0MlszhCDE,18
1467,9iGjureW7uE,18
1468,-ZsmEFtaXQM,18
1469,3Y-sGqzbkz8,18
1470,0lEavQUSRO4,18
1471,0Z4LBWXXRTY,18
1472,-RIXNh-i88E,18
1473,Abj_Mr9vSF4,18
1474,2gSMufsNQKA,18
1475,9V_qFBGs5yY,18
1476,4nHPpC6oGn4,18
1477,0xciMnHCZL0,18
1478,9vugWX2roX4,18
1479,4fz0-Kx2oNs,18
1480,2BNVQn48D04,18
1481,7g8QoqkTQfw,18
1482,6nJ9zXqHerc,18
1483,2nriu-82vFw,18
1484,0rmCYTGycKw,18
1485,1X3ab9ycVL0,18
1486,6YuCa3NAINw,18
1487,0rtCu7TKQKE,18
1488,AB5T60I9HJw,18
1489,1HGzcj92CEE,18
1490,0WxL3UhsteQ,18
1491,AIs4gx9RVTs,18
1492,9xTGSB1Gu5k,18
1493,6CCjRlDMsnY,18
1494,1l61QW96UFw,18
1495,3eNWJ4Hle6Y,18
1496,37MHj4LvLRU,18
1497,51luPlswXEU,18
1498,5K3CYm2u2zA,18
1499,8-ZLMffhptY,18
1500,4yx7AdsRAOs,18
1501,2VjQiwyoO1s,18
1502,33oINH8AtNI,18
1503,09x-xol9UY0,18
1504,9puiKadufhc,18
1505,63aTkG1grKA,18
1506,56DAM74mj4o,18
1507,6_fpAeZMy5c,18
1508,1GOF_EEeO-0,18
1509,1pEaiUYTh6s,18
1510,30JTvMLCV0c,18
1511,A1vqIG8hUrA,18
1512,7tvuZhtcHpY,18
1513,1ERSh8l5-sM,18
1514,1JXbj4RLpew,18
1515,6DXtiywoWyQ,18
1516,2UxOuJUUNYI,18
1517,8sfcMZ8A3OQ,18
1518,4Yo_DkHXXjI,18
1519,A9Y7eG48-ho,18
1520,1BScYBNc6MA,18
1521,52Ty3VEN_WE,18
1522,2itn7f5uqII,18
1523,AGUsqrscCRc,18
1524,4dcmUaJWEBA,18
1525,9TveYVzTCgo,18
1526,2Ar8YM5zfbs,18
1527,2EEC4MkIOiI,18
1528,4cV4T8ACLh8,18
1529,AL0JokIbyNQ,18
1530,9pJxCW3gGFE,18
1531,1U4D63urKlo,18
1532,2rk3CP0wyTE,18
1533,9hLropYJdYo,18
1534,AKYcJugndAU,18
1535,3vbNr_cSPCs,18
1536,0hE-lduyMng,18
1537,9JbcP3y9hYU,18
1538,4Io5AxwAZLg,18
1539,4dYGxoFrg_U,18
1540,8Xdq4cSpwl4,18
1541,68ijV_btmC0,18
1542,5XSZ28t3Er4,18
1543,9YO1aiPy2A4,18
1544,95Uf4OrIyJ4,18
1545,-g-eZBsr_3s,18
1546,51O5P0FfM4s,18
1547,3KnOOVt148o,18
1548,5ZQCdVfdGig,18
1549,8wsrGjVfzQI,18
1550,6j4AVcAdhEg,18
1551,5hUK9ubSMZU,18
1552,ANuRQif18hg,18
1553,AI5Ws7ORZ4Y,18
1554,2UZmUuUPqr8,18
1555,3AZw1zRDdcE,18
1556,9bQxINhcasI,18
1557,0cxjMNEbkOo,18
1558,7pL3UHjTnYw,18
1559,6cCRuEzXIl8,18
1560,ADNd5Aj8GOU,18
1561,923C2xEL-bY,18
1562,6u27Poa4sFg,18
1563,6tCRm2ZbFWI,18
1564,ABBJDDsYT68,18
1565,1NYJAJXYyNY,18
1566,21Lcs4vTfL8,18
1567,97oxHi3qxs8,18
1568,0ma2BvnQn2o,18
1569,A3gTZHDTCOY,18
1570,0PvDZ5t_Ajk,18
1571,04jA_kRetJY,18
1572,18ga5cnUrmk,18
1573,5OZjjLujmW4,18
1574,0H886ArR4l4,18
1575,9kMTqmnH0h8,18
1576,4nv-GOe3h54,18
1577,1CPfFe_5hyQ,18
1578,9tKPGdK3U08,18
1579,2ICT6R4XpG8,18
1580,3oMfiHn8glc,18
1581,8s70b3xf7LY,18
1582,-Tdc3q7JRto,13
1583,-QFn83KrEFM,13
1584,-HWpZgDLGr8,13
1585,-VztaAFOxJk,13
1586,-K1JViXX9B4,13
1587,-EtIYMs01ZM,13
1588,-ICTHK8dxiM,13
1589,-P8t-8K7Nog,13
1590,-XuYrreB4yo,13
1591,-4XAxg0q2tU,13
1592,-9miNA96XpI,13
1593,-Mo58xHTBBM,13
1594,-3gSkrDKNSA,13
1595,-E_wxtWDQZ4,13
1596,-JJrKDsw16U,13
1597,-FMfpk6r3c4,13
1598,-U81YEKgw04,13
1599,-D4aoPlD81Y,13
1600,-clJ2RMp3-0,13
1601,-1Q21cZhHDE,13
1602,-eG-t98SF38,13
1603,-L_2n-o_74Y,13
1604,-fDaqzmmgDU,13
1605,-aHvje1_01M,13
1606,-1s0DWApvT8,13
1607,-Arp8czTjqo,13
1608,-7naGvL3yig,13
1609,--gKfbzT1VY,13
1610,-0Hf2I8AFI8,13
1611,-74wyz6FYhg,13
1612,-QYgW-Ex6SU,13
1613,-2NBZUCcvm0,13
1614,-_IdSEcDj3I,13
1615,-Q2IoqAyH4A,13
1616,-8OITuFZha8,13
1617,-cqIEy6nTOc,13
1618,-d7973HHglI,13
1619,-6XGcz56P9s,13
1620,-7JyNNTdmiQ,13
1621,-EnGyk2Yv1o,13
1622,-Tp3z6RO2aw,13
1623,-UBagB1UxV8,13
1624,-4LGMEr9FtY,13
1625,-FUt3V6--Og,13
1626,-Jsu4dbuO4A,13
1627,-EDKLrdJ0CM,13
1628,-57EP-Yyt4s,13
1629,-hKF_JXNseU,13
1630,-DFmWLDkxQg,13
1631,-NsqshmWlr0,13
1632,-1B3CzpiW1M,13
1633,-4_8Y4WOu7E,13
1634,-XXyUQG-SRg,13
1635,-Z0qBdSV1PY,13
1636,-8-kuOPyPmA,13
1637,-fkwU-Cxrl8,13
1638,-aWgj3vUL7k,13
1639,-39q4y0tt-g,13
1640,-Kdd55ITPOg,13
1641,-BCOY2XYUas,13
1642,-M7a-eMvZhQ,13
1643,-HyiQrHcAzk,13
1644,-6xajA2OIg0,13
1645,-Ei2LE71Dfg,13
1646,-8WLbhKHmzE,13
1647,-ak5JZyvZG0,13
1648,-QWNPmXqLF4,13
1649,-Lp-7hQvXcA,13
1650,-_RcXZZzcUQ,13
1651,-0MrEZKJ5MQ,13
1652,-A6kW0_ycWw,13
1653,-Mkz2Oc_56I,13
1654,-IGtwN_J4r8,13
1655,-gFcdjx9eRI,13
1656,--ivFZu-hlc,13
1657,-FWkB2IDMhc,13
1658,-574Zi5ta6g,13
1659,-5UvXobuBos,13
1660,-QU_xNhKNfU,13
1661,-Q1vDwPlBoU,13
1662,-AL1aTUPgiQ,13
1663,-SDCJ8DJoHY,13
1664,-M9LxnABB1c,13
1665,-MOtgCsHoEc,13
1666,-gcMj5AQ2ys,13
1667,-fG650UdJ3U,13
1668,-3oUmjZ4b9o,13
1669,-UVjilsIFg0,13
1670,-Mn3laA2KZc,13
1671,-bVSfBL3FIs,13
1672,-8TniOLKP5w,13
1673,-X8yxPW6YeE,13
1674,-I1YtbHRWFM,13
1675,-coawlxgw6o,13
1676,-Eji8SnlVrY,13
1677,-MTVKXvFpbU,13
1678,-3PplV0ErOk,13
1679,-JnkWPwjlS4,13
1680,-L85N9dFq48,13
1681,-8IP6mErHSM,13
1682,-G7qHyhEZEY,13
1683,-cuoF4rgpvU,13
1684,-0B_CYyG5Dg,13
1685,-9qnN5kQGdM,13
1686,-4InX9dodOk,13
1687,-agN-b6AHBY,13
1688,-TihdrGxWFA,13
1689,-26ansJluVo,13
1690,-NwsmZFsbUQ,13
1691,-35_gJSKJkk,13
1692,-AuBtRrC1pk,13
1693,-4wFZN7XLF4,13
1694,PORZmak0JQY,10
1695,-9LmMF6IHmY,10
1696,rA7o3bNVh_Y,10
1697,x6f0yu_JzsE,10
1698,_tGdoqj0Qh8,10
1699,iQLenBcK45s,10
1700,Q6DKKTDCi1U,10
1701,pOL_cNsoR9I,10
1702,eYYMdLk4IcY,10
1703,lVytIMrX0UA,10
1704,TVUQoCs9fQk,10
1705,dAcYOigmG88,10
1706,wibPUdEs6K8,10
1707,TEy5H1Pe7ck,10
1708,pZHiz-meYow,10
1709,7qbbqP9mTIE,10
1710,Xoz7A7C6-a8,10
1711,RxLNDhT6uhU,10
1712,j3vGopca9XU,10
1713,QdHGmqMLi5Q,10
1714,-NZJ_e-JSdU,10
1715,eWrGKYS0TUY,10
1716,NmeAGwdsj6I,10
1717,BgmQCN0MQD4,10
1718,wzQbibs2Ea0,10
1719,Cf0XM1z11rw,10
1720,6dT50gS1luc,10
1721,XKQH1j7iVtA,10
1722,RF3nBIOPpyc,10
1723,PIH02iPJsG8,10
1724,jWapp2yk1B8,10
1725,yuFxx4JRdNg,10
1726,eUPu03vkeXY,10
1727,SV-TQEyCOK8,10
1728,Ld2gLtzGRL0,10
1729,lAA0QneMahs,10
1730,B-3JyKgt7pw,10
1731,LXroS71nkNk,10
1732,GZIr3RUF9MA,10
1733,NF3M5beSlyM,10
1734,BLnaG5Fho44,10
1735,lrUgYw22VOU,10
1736,JLUTx6TrNGQ,10
1737,csntczRbWvw,10
1738,QLi36r_bk_Y,10
1739,KubosyRbGWo,10
1740,fR1xYEILoPw,10
1741,gKWFm80IP0Q,10
1742,CW4rsibJdlM,10
1743,E8xP0lo8cx8,10
1744,FW5gyqVpedw,10
1745,NXQGt6CC1tc,10
1746,Eqn4IlzpfHs,10
1747,oOJ_jc61nD4,10
1748,AFqWyhb5Guo,10
1749,5VxyvkdEpL4,10
1750,Ky_bMgJt9cU,10
1751,h7yqAYAY8uw,10
1752,qbtinSIsPfU,10
1753,v_-tKhdgF4s,10
1754,I6m2D0_K9tE,10
1755,0HlcDqvawyM,10
1756,DLaS3WZdRNw,10
1757,fslKQERbUO0,10
1758,S_n8p_XGq0E,10
1759,3bYYlSPyPnU,10
1760,2PfBt_cK07o,10
1761,j937stPy0sM,10
1762,3NHJUkdHwtA,10
1763,bVhz9R6Mgrc,10
1764,Qfw8LylVSfc,10
1765,YaqwKoHzVq8,10
1766,sfyd3WX2OjE,10
1767,rKGizeiNwi0,10
1768,HucIQq6Aky0,10
1769,eIARd5TSWBQ,10
1770,BoU_tWjVDn8,10
1771,6iefuGEvlHI,10
1772,rjsuq0kQqGQ,10
1773,weKt0KjakLI,10
1774,WE5ZhKSq90Q,10
1775,BgnSvbrhrKE,10
1776,0IQxynJmVcg,9
1777,0RGDINDHaQ8,9
1778,0ItlRaeE8fE,9
1779,-wblF8Yd3pQ,9
1780,-UmdTmFZMno,9
1781,-KdcpwL9psc,9
1782,-sdNwlxs4qA,9
1783,0CrFJ3YqIbk,9
1784,-nJpLdP1soU,9
1785,1C0bH19uXh0,9
1786,03y3RgMybY8,9
1787,-DfS3pZTBcQ,9
1788,0SK5s3_T3lU,9
1789,-wfzJ1-A5Lc,9
1790,-rt4hmZE2NA,9
1791,-kUFdYpIHPU,9
1792,-KmDAgYb0Uo,9
1793,-NDKWUJ16B4,9
1794,09hujnIv05Q,9
1795,-BtHxM5Uvig,9
1796,-H_3oEkKe0M,9
1797,0C6uNNxfcw8,9
1798,14wPUIldY6M,9
1799,-zKu4zUxnbk,9
1800,0F0lo2ICjVg,9
1801,-rCGeA7H8ig,9
1802,17N8TLC_-9E,9
1803,0jpK9KoFleI,9
1804,1EUE2fs-hZA,9
1805,03t97hiWnLc,9
1806,0X9wj5DvYnA,9
1807,-aMB5YLAxZo,9
1808,-o7Wy0ePIv4,9
1809,0-ELXD9GQXA,9
1810,-yks9hncucc,9
1811,0FoM1PBP5wE,9
1812,0813ZAMKBio,9
1813,-ztsjdrEqVQ,9
1814,1AWhzgxoytU,9
1815,-WOcO4B-Jis,9
1816,0dNXQt5BtEw,9
1817,15UO-340RDg,9
1818,03_6oCyepKU,9
1819,06WgbDqqXPM,9
1820,0gkgoNTBLdE,9
1821,0jOAvZuo1SE,9
1822,0A5lcp2WFzI,9
1823,13XPDhrHoo0,9
1824,0l6r9b3V-So,9
1825,04VG5xPYxFw,9
1826,0VjkHdAS4mI,9
1827,1-4xqkRfFFc,9
1828,18-XenSGxAU,9
1829,-3-t7Sm6un0,9
1830,-yCQG9pXf_U,9
1831,0rSETXszQM0,9
1832,-B3Y_9682M8,9
1833,14cnVvpzOxQ,9
1834,0jiVxRwk-60,9
1835,-WwAxd-BBrs,9
1836,-jnOQkG1gMs,9
1837,0ebMCZhF0oQ,9
1838,0XKaQKywFDA,9
1839,0V0MxUBtx9g,9
1840,-pdljKJHPgg,9
1841,0XpRRYZZs5o,9
1842,1-v2SFonosc,9
1843,-4D3Gkyisyc,9
1844,1BwO2S8XiOk,9
1845,-ZV0E0GucqQ,9
1846,-S-5z2vYtxw,9
1847,09NvcvNBR-w,9
1848,013ek35qYGg,9
1849,0p68pGdkUnE,9
1850,0GO42Oh_vmA,9
1851,0SoVB6iEHTU,9
1852,0dpHl5euqHU,9
1853,-YD4QvOyC9k,9
1854,-Iry0eQq4DQ,9
1855,0NQhj_mvLss,9
1856,1RQDHn5YiK8,9
1857,-DSwrKDGI7c,18
1858,-4oPjbOiSjI,18
1859,-AczMkg9mCg,18
1860,-9_fvHnpkmo,18
1861,-0oPui2fiaE,18
1862,-CMUF8xpFig,18
1863,-2BP7NAkFLk,18
1864,-8soqvqMMhY,18
1865,-2je75-0KNA,18
1866,-9Y076KDt2w,18
1867,-0WZoijgWto,18
1868,-4WioONkd78,18
1869,-CHSusoQX3g,18
1870,-0pPRv4nAWM,18
1871,-2RgOtEurSs,18
1872,-DgW3I5yBBE,18
1873,-Eyx2KSY5As,18
1874,-2q6kuuOdB0,18
1875,-ECajBUMQQ0,18
1876,-0P3vxYiblU,18
1877,-3TyrrbgEgQ,18
1878,-CLJmM1PKY4,18
1879,-7rhcT3NNtY,18
1880,--d2Z5qR4qQ,18
1881,-D0zH6poZbY,18
1882,-DcdNHF8c6A,18
1883,-6hh1UaSy9A,18
1884,--JxAySnD3Y,18
1885,-1bPo4d-3Z0,18
1886,-E2MNnK1ixs,18
1887,-G-3350TIrM,18
1888,-BYCPHzC_z4,18
1889,-EzgXKfh5Go,18
1890,-5xBW8BNKnE,18
1891,-BTqPaSanW4,18
1892,-6Q22zyI0h8,18
1893,-3MPnB4orhk,18
1894,-7xhPQmYYTk,18
1895,-Aa_Rm8ZljI,18
1896,-3TA9Fns4rA,18
1897,--bSurT-1Ak,18
1898,-9LSf3fUoYM,18
1899,-C41GoDauRQ,18
1900,-7z_g2ckXRo,18
1901,-ClhZuMx8EQ,18
1902,-9Scslp_ROM,18
1903,-8Y4qrcnKv8,18
1904,-2TjevpJuAs,18
1905,-12PNUDVUjA,18
1906,-C96gWRdNVM,18
1907,-09uCtwZOF0,18
1908,-BmlgYVs6A0,18
1909,-4uh-n7z1XU,18
1910,-5Ha9jY_hT4,18
1911,-4lR3P0luWI,18
1912,-1k1cir4qIc,18
1913,-GWm7pRV15U,18
1914,-0IpBrwQDUA,18
1915,-88uaKN9R3k,18
1916,-D8gYcJNp3E,18
1917,--GvhCexa_E,18
1918,-9GRE84DX2M,18
1919,-DzuaA0g024,18
1920,-3yRmj2NwTU,18
1921,-64KicbcQt4,18
1922,-BpgDEXKdx4,18
1923,-D7MLPP0GQQ,18
1924,-9Js3lP4vqs,18
1925,-EUup6JmUwA,18
1926,-FWb_Uy72CU,18
1927,-7OYJe6ioao,18
1928,-5zWq2etKA8,18
1929,-5j92zqG-Mw,18
1930,-1Gj9qjFRVk,18
1931,-6tJgFlNo-c,18
1932,-4WYfLAz3zE,18
1933,-46ku5CZAS8,18
1934,-88FrdcLdkw,18
1935,-7pvEiaWAcY,18
1936,-8HqbAVQl24,18
1937,-8lqS7ieWmc,18
1938,-B2xyW8KkpM,18
1939,-ENQiyOIcrc,18
1940,-AFx6goDrOw,18
1941,--qsECcA_3U,18
1942,-A9iGSBs438,18
1943,-ADzqyqPeas,18
1944,-9hqBiuwp2Y,18
1945,-FwRTkNgVic,18
1946,-9V3xlyCkLs,18
1947,-FgAkfgRrOE,18
1948,-2HeDmvtT5M,18
1949,-E0djSiyFNI,18
1950,-5jWW0IxRjo,18
1951,-5rVfNxVJSY,18
1952,-1rxHcRCiDo,18
1953,-4fL8AMnGQ4,18
1954,-51SjconobU,18
1955,-AWrX2EIY4g,18
1956,-GS-cR8XUMI,18
1957,-GlmbrP1Pn0,18
1958,-EYEYe-31wQ,18
1959,-Fduahpgt8I,18
1960,-8E4IvhlJ3I,18
1961,-37uZp3L3vw,18
1962,-DPoX0GdToU,18
1963,--5zANFBYzQ,18
1964,-GaIulg3Q8M,18
1965,--zF7ruOot0,18
1966,-E1zyCQE3es,18
1967,--R7bBR7hE4,18
1968,-03879e6MhU,18
1969,-5ryAgjJabg,18
1970,-1WgjQJ8ZqQ,18
1971,-EXJqzF-Bf0,18
1972,-53uqygEU84,18
1973,-6WEyprpIdQ,18
1974,-A7_Doj8A9g,18
1975,-7qHG9aDE4I,18
1976,-FB3AuvAXQg,18
1977,-6Z_lltrZ0w,18
1978,-1z0upPQSRU,18
1979,-33y0hmJOBk,18
1980,-CoEDbrRDTM,18
1981,-9v4yxKbqs4,18
1982,-CsvPPK20ps,18
1983,-11GfJ6UFV8,18
1984,-9QKXS0LaDc,18
1985,-AaLDAoJO14,18
1986,-6hckVgS_vM,18
1987,-8opyoruJSE,18
1988,-1XBP-nZ1bQ,18
1989,-5CRYUnzAcQ,18
1990,-8JBa54NFpU,18
1991,-41ertr_i3M,18
1992,-BFcExBQfAk,18
1993,-6YsD3SetJc,18
1994,-5ZfWTfqVVo,18
1995,--FJhcfXeow,18
1996,-8-Hy0FO_go,18
1997,-F5wSJwBZjU,18
1998,-2c0AbqlqT8,18
1999,-C-nDsEzd74,18
2000,-0h43imMMzg,18
2001,-CwVjwh63FU,18
2002,-GOdzI5nPfA,18
2003,-6-fcqZjrmY,18
2004,-COeFt-jaMU,18
2005,-6KRo2ZcQMY,18
2006,-0Ghd8lbOmI,18
2007,2o93RmaqiLw,17
2008,7li4oPDlkvo,17
2009,1wWU0iUAm0U,17
2010,1NDvh04pBGU,17
2011,4tCcsoXT4mc,17
2012,2wG6EBWr5NQ,17
2013,7cEGk6FNpf0,17
2014,1mHYEQPpwls,17
2015,28lpUDQbsAU,17
2016,0EVyUEVloBc,17
2017,511xID91gOM,17
2018,7Ii3h-ogMEE,17
2019,6HNNRcOwdNc,17
2020,5kqVXgLVzhk,17
2021,5I8SBO3Usws,17
2022,2hcY8kXQj60,17
2023,6S6YUyHN56Y,17
2024,0bQnpp4aB_Q,17
2025,0rhSFPtqAhI,17
2026,1wXZatca5OU,17
2027,-xqoOAYnNEo,17
2028,0AR5GulKZKo,17
2029,27HIamF8pKo,17
2030,18wd5CmRyFU,17
2031,7YHdWiSOChc,17
2032,5Ny7dTGshOk,17
2033,-5jTPNu2Unc,17
2034,2BMHsKLcb7E,17
2035,3JR1kD2HQ_s,17
2036,3n4G4MbYRFE,17
2037,6lo3w_bSHwY,17
2038,4YNcm3tknVw,17
2039,7gCJvUklOco,17
2040,4ZHPpXmdG0g,17
2041,4-nx7nOna50,17
2042,1JfnWSwbxCw,17
2043,6FQKuPSCNzo,17
2044,3ndid3jni7M,17
2045,5oLozmidBnY,17
2046,2QXhTsNhzIQ,17
2047,-1oRfe0FQI8,17
2048,0smuyAnjIJI,17
2049,-u9BxBNcrw4,17
2050,0ACYrfUrcJU,17
2051,6CRbv7wRxMU,17
2052,6D8-2JQ6G0c,17
2053,0B8Wt5PiL1k,17
2054,2iwPgYGH_Ew,17
2055,-OanzatsuDY,17
2056,0NXdGlo-Mwo,17
2057,-U1ebnHfHEU,17
2058,0095-_8T5ZY,17
2059,13guh6z6X6g,17
2060,28AvGZWnCg8,17
2061,7QsxGFPOZrQ,17
2062,3rZKZ2bDiHQ,17
2063,7-NlcX-d0w4,17
2064,6XUF56FlKvg,17
2065,5yOga-6uyD8,17
2066,0kh5HKETL0A,17
2067,0QKj8bSma1g,17
2068,3k_4mlinK9w,17
2069,6hACE_1iS1I,17
2070,3Sml1wHcuxo,17
2071,1NIO0HSFUIo,17
2072,6xNjvLpKhrw,17
2073,2yRlRl8prmo,17
2074,1PaQmRw_VIs,17
2075,-n2qmn-4i3E,17
2076,3W-kCKzE4Lc,17
2077,4QHVLFkpiAI,17
2078,3UNrlWS46wI,17
2079,7XL--db_qQ4,17
2080,4zCGF-4R-Ws,17
2081,1WzI9RX3CnE,17
2082,5XYm_gWJmkk,17
2083,-qu6yqh6F_k,17
2084,-EovwXDEidU,17
2085,-RFRH50Qobg,17
2086,1UtX_r3nZp0,17
2087,2HNc9hg37Zs,17
2088,2tA9BBVzx5k,17
2089,6vsTXT8XJP4,17
2090,2vXwxPcjmdc,17
2091,2ceUOv8A3FE,17
2092,6RptdyF2Nu8,17
2093,3_pAoiTNFys,17
2094,-A3K0_gtK4c,17
2095,4z_y47YsieE,17
2096,6A9IBFSVYwY,17
2097,3fmEdb87BcU,17
2098,5R7ChPxlWjM,17
2099,5ttWKdrpWHU,17
2100,2WTDsKqQbZc,17
2101,3TB0dB1r59M,17
2102,7XsWZg3eUs8,17
2103,0PJ6PRTzoWs,17
2104,1iUXERALOOs,17
2105,7KdSGBzXvz8,17
2106,-JaQwrOeCYs,17
2107,6hRncnuF1NY,17
2108,4QYxw4ca0go,17
2109,1ceprZO-VEU,17
2110,6ZB-UngiUMM,17
2111,0ktrXv5sR4s,17
2112,5sDXHnJBVms,17
2113,53oq_Otm_XI,17
2114,4tlvzARr7lQ,17
2115,---1_cCGK4M,17
2116,255C0OODvTA,17
2117,4y7SGVV--Ds,17
2118,5XquGZ5QZms,17
2119,2QsWNp64ERU,17
2120,5OYAI-pXAMo,17
2121,7JWHbs3gu1w,17
2122,-Oo5KT8cycI,17
2123,-QvVYdS1X1M,17
2124,2wadsgHvSAM,17
2125,3GP_mBH2D5U,17
2126,2ofpux29XGM,17
2127,2P5SAsilxeM,17
2128,-hAjyh3rqqc,17
2129,28dSHMdwY_I,17
2130,0yETgW44MZU,17
2131,1tQys1GnFwU,17
2132,-FBT_lY07L0,17
2133,2E3r-Dfb1NE,17
2134,296yTJSr6uI,17
2135,51DAVKSdj4Y,17
2136,7X3i7llSK9U,17
2137,2bSkMSmVolk,17
2138,2MzX4ArMlBg,17
2139,-z6NOS2bnCk,17
2140,-eVdi8PdMh4,17
2141,5seNyvFJ_X4,17
2142,2rYqQH_iBm8,17
2143,1TBD_xpFAHQ,17
2144,3qnpOqvnKTo,17
2145,0nPbMeub5HU,17
2146,4NfpeAUeVUY,17
2147,7QEqRkxpwfU,17
2148,7rBsX5BNkEs,17
2149,9lIuZfpWZ1A,16
2150,-JL78b6hi3A,16
2151,HEqn0tgCtDM,16
2152,G2yfNNDR8tA,16
2153,-6pLGGF7dEI,16
2154,QSgqjJ2iglM,16
2155,RZ-25-R2yOc,16
2156,7PYQAzEiNc8,16
2157,OPoQ8rYEQAQ,16
2158,GL3JL2S3JBk,16
2159,TIeB9Ys55KM,16
2160,2ZgGPpzjD-Y,16
2161,HYRRG2fbiDE,16
2162,15t7uWnpXUI,16
2163,KzLIV1RR1Ig,16
2164,G42WbjmRLn0,16
2165,5oW8arAFDOg,16
2166,OaMdMAq68hY,16
2167,EZDqMetpnI0,16
2168,-ZsFEZ92YzI,16
2169,Cj0z4MmWYdw,16
2170,Nbq_CyxC3XU,16
2171,QalR0dtk9Xs,16
2172,T2racTSEOUc,16
2173,5BdcUvdab3k,16
2174,2kjkEcDDr4I,16
2175,8wbYSIqgduc,16
2176,H4QhOHejyzE,16
2177,EDsWcIijZCw,16
2178,H2rIs4Nz8Lg,16
2179,2Qk5L8KoM90,16
2180,KnZrJKI6yus,16
2181,9B7U1OSNU0o,16
2182,5-c8YiltWcw,16
2183,G-Rkt13H-kk,16
2184,4oTkYH0wLq4,16
2185,6Qx-Ps4Qroo,16
2186,SK9DGzNEKb0,16
2187,JFJ24afZ_Fs,16
2188,-h9REoRVzYY,16
2189,-C6QgrNGGMo,16
2190,71A-eTp_bc0,16
2191,TBwH_C_q0KI,16
2192,7X92vZiKi7o,16
2193,C2fLuBUVj-g,16
2194,Ef0ozkh5t-Y,16
2195,71z8yKE0Imk,16
2196,AyemIt_rQ5g,16
2197,THcQKnqD3_Y,16
2198,U4nhmciONvk,16
2199,SOMymsNBxHs,16
2200,HgaACU-IS1c,16
2201,2ZeDIC4POcQ,16
2202,S3bE2b9p5Mg,16
2203,3VoGCV4JJCk,16
2204,M09IRnW6mDY,16
2205,-5kRgp_lxpk,16
2206,SbZpkhIbP84,16
2207,G23Me3A60b8,16
2208,J4MfYfhPTh4,16
2209,1F91ttmVR-E,16
2210,5BZW0xGIFDE,16
2211,9Xuqt4YyyhU,16
2212,OL63NVm1v7A,16
2213,K87g-ye5CBE,16
2214,KsfLJ3YHhHo,16
2215,RlkVC38UKPw,16
2216,Qw2wxu0URHM,16
2217,5VuYBSLbyr8,16
2218,0j1-0Y6lGck,16
2219,EzPcuNoSHMM,16
2220,Bk9tGQ4jvhU,16
2221,DDJ2B4vpC2k,16
2222,BCkJt4wi-cE,16
2223,AZmQOcwsdQE,16
2224,5f6RijX5c8E,16
2225,-6n82E5zyuY,16
2226,NSz_1Xj_Skc,16
2227,1xat7fl_LSo,16
2228,Lji7Mm1aCgI,16
2229,54XNhwZdXEc,16
2230,M6otcd7ea2U,16
2231,AAwMzLmNPcg,16
2232,-guAT8rQA4o,16
2233,KIkz8eNtdqo,16
2234,FzTaWlxFJMI,16
2235,9nQalgeHLXY,16
2236,ASm7147jW48,16
2237,83dRnWywde8,16
2238,KjRwAdR7dno,16
2239,CJCwr2gl2CM,16
2240,8T66UE27d6k,16
2241,D2GrGAQchBY,16
2242,G0gRRosFHSA,16
2243,ITaIdQQz8UQ,16
2244,AIDhyqwbUNU,16
2245,KZUIx94Gsps,16
2246,0brq4I0WAls,16
2247,ORo5aQ7_42o,16
2248,MZUxosbbAjQ,16
2249,4dzzfgvKuqU,16
2250,RTe-0YG5QS8,16
2251,S9VYYZg0t-E,16
2252,9IItZmu_HbQ,16
2253,1EI58xGWnWg,16
2254,5vlP7iCnWt4,16
2255,8T0HsvI09Ns,16
2256,JRVGGFlLZ8Y,16
2257,MmnhEdf9tZU,16
2258,26y1JLJWZyI,16
2259,6dJ5UfaJ-fE,16
2260,MNva8cCYixc,16
2261,Goo5YHuZyRU,16
2262,R9X92tiwMOc,16
2263,Ru7m8PyMlVM,16
2264,0H533OGPZ2o,16
2265,2fr9dpxS1o0,16
2266,6YiNpnGqviM,16
2267,DqxBpDRABqI,16
2268,N7FoTTBAVkM,16
2269,A0N38yb3QCk,16
2270,4sIaZJJ0QMY,16
2271,17Q-GgtKWqs,16
2272,Fs2OcY5pKDQ,16
2273,MeDBPr3YYlY,16
2274,D3KJJRRUvNs,16
2275,D7RhslPmr9M,16
2276,1UUhMZAgU_c,16
2277,5xOWesepO7U,18
2278,4m4aH1ZE9gI,18
2279,-1P74acOb3c,18
2280,6qUpG7Zapj8,18
2281,67Ika3reFWg,18
2282,3qWfr7guPDs,18
2283,-Xr7HusAEvY,18
2284,1eSCkm6XHHc,18
2285,6JoGfDBPXTk,18
2286,5zLQNFQ2cFI,18
2287,4BazFix9xzg,18
2288,-LQuCzisPK0,18
2289,4Iq0UsC_cqY,18
2290,-2-sma5HfXo,18
2291,4z01EVU2FXo,18
2292,4ESpG1obQgs,18
2293,2JkATIeI0Ow,18
2294,3HCjfsCbhSg,18
2295,3HCtXBpR_zo,18
2296,5iFpQ5mtMug,18
2297,3LSrPiD23fI,18
2298,5-_A-vF9N58,18
2299,05EetL8zJUs,18
2300,1UTaPnm3tTA,18
2301,-E0djSiyFNI,18
2302,4wqmxClvupU,18
2303,0XmfK5P_3RU,18
2304,1I39Wl3JGAw,18
2305,2b7zZRDMLJc,18
2306,-3xhrOw45ss,18
2307,0eYgYrenUv8,18
2308,2Fkh-PUx2SA,18
2309,4TSUsNphq-U,18
2310,1JUSlR465lg,18
2311,-QCh8luHaBI,18
2312,4umEvJi2rRE,18
2313,0qMmJlVlupQ,18
2314,54by0PnKycA,18
2315,2wME2IbkbOY,18
2316,04DjKHZ3IOc,18
2317,-RmBbZuxWmg,18
2318,7DYqi_JU6gw,18
2319,1iXKgat2Ejc,18
2320,33Fcg1gc7WA,18
2321,4Y27QuXXBps,18
2322,1COTNE5iwpw,18
2323,43kp_izNnKU,18
2324,7DAFryqUedg,18
2325,-PljzzluWNw,18
2326,74k_Bq3hlNc,18
2327,13QhOWzVbPg,18
2328,6n_Mb2OO3vY,18
2329,6uSSkoqyMvk,18
2330,-nXyb1Fakjg,18
2331,39KgkK23Zmk,18
2332,0f_iTO5t3hU,18
2333,0Zk4rGgntXw,18
2334,0lXPYBYtBt0,18
2335,6kEEmWamSKU,18
2336,4zciMA4sFQY,18
2337,1ZQ9NZkgg0I,18
2338,4WUABQYm7ZU,18
2339,00_do2b96M8,18
2340,14ptT2dPCag,18
2341,470xac8EMEA,18
2342,1cmo1SGxJnc,18
2343,3XA5GpxtbAc,18
2344,53BIo9Alu2o,18
2345,-izECjXmjO4,18
2346,2W7k7nvGkdI,18
2347,5SzhhEJQlyk,18
2348,1ij4byJM8ts,18
2349,5MKd2koggOI,18
2350,6OSEf-W1gmc,18
2351,6Ld7FQHOuW0,18
2352,3q-xiLU-jaM,18
2353,5hxOprt5W2o,18
2354,6m5AkQNUrsU,18
2355,4S17Sgal57E,18
2356,0AdFpWOtHbg,18
2357,3tD9tWqs3vY,18
2358,4UbZjOQ5vkw,18
2359,1NNT9pvflZk,18
2360,31nHi_FplaU,18
2361,-T8cE60OKHQ,18
2362,-wGAzd51XRE,18
2363,5npF8GtaaNA,18
2364,0v0ibcCdanE,18
2365,-RD0aTeWg14,18
2366,-ty5tv-2kys,18
2367,2iTo49F8QcI,18
2368,3M_ohr7o5W0,18
2369,0sKuwJFDM0g,18
2370,-cOKtj7xFTc,18
2371,1DFNOFVNs5g,18
2372,1-z6ZJyeOHs,18
2373,-_9pg2ryrx4,18
2374,4ftnQdEaLO8,18
2375,2vvwj6Wd9js,18
2376,4Kq8Hdz4TBQ,18
2377,3u96MxfeTVU,18
2378,1lG2xWHQSVI,18
2379,6ehLWXOZIb0,18
2380,39V3dKUAjAs,18
2381,0AmnWi50igk,18
2382,0G2C2jrNbak,18
2383,3RN24S2HOWU,18
2384,2VnBVi_9ErU,18
2385,30jSVJwjNfo,18
2386,519276Ov9DM,18
2387,3QpveQBDgv0,18
2388,-cdWYt1nhWE,18
2389,-Vu8x7fsYRk,18
2390,-sesmTrzkJM,18
2391,-ECRgvDx4xc,18
2392,-nG-wpQjj6I,18
2393,3yoo27Wb02M,18
2394,5jKH6UTb7sw,18
2395,5ytB4iS5O9g,18
2396,1OTyRCUni98,18
2397,3K0ud-1Qk9c,18
2398,-RG9KMGaxpY,18
2399,3dbYLO6rYrI,18
2400,5Jt35egBuSk,18
2401,1jFTNynSEy8,18
2402,-W4EC8noDuw,18
2403,3MZTghUcOv0,18
2404,4KVKMrMs9eg,18
2405,6puZFsJvC64,18
2406,41zDfMgINbo,18
2407,1NsemVwhP84,18
2408,2RBhvoqWPeY,18
2409,44cfH6Doy80,18
2410,2ZeEIy0hilQ,18
2411,2JilwMOhWYY,18
2412,0rqnbyN989M,18
2413,64LH0YO_wrU,18
2414,0hbLwAJ5ChE,18
2415,-G7nkZHC0ws,18
2416,2KBEgimWb_M,18
2417,1bqxaEs7cs0,18
2418,09_uj4VbMCM,18
2419,3bbivQeLJUw,18
2420,3mkKBUp4PRI,18
2421,3_lvUQ4M_G8,18
2422,4CVPZN0FNGo,18
2423,0azbvZ3t2B8,18
2424,9ClNkSId6Ks,10
2425,8b8jHMX4g0Y,10
2426,0TLSd9HPbbs,10
2427,1LSmPtw0dZE,10
2428,0QePKnSWXkE,10
2429,3bY13Xh7zig,10
2430,3mVON9vvYsA,10
2431,8sBKRU1iy0E,10
2432,6WO8sfJA6uo,10
2433,1viv36mGRC8,10
2434,4gyvq34qU5M,10
2435,8VavzRcNdIc,10
2436,10f9CWXiKRY,10
2437,-lBEpPVvddQ,10
2438,66A7gHSBUd8,10
2439,7AUBHLvR8lI,10
2440,8l2dRKrTegM,10
2441,-bTFWFcUjNA,10
2442,4YHjIWfu8aM,10
2443,0TOAK10lIXQ,10
2444,2TpjbD-CWYY,10
2445,1VKFZ5lT0mk,10
2446,4xz6tfSelb0,10
2447,7cq-i8Fuofw,10
2448,2NIjl2fnxdg,10
2449,1aJK75652Ns,10
2450,6-Lw3bPnOXU,10
2451,8jS7OYSvXfQ,10
2452,0cYckigNbjQ,10
2453,-rle7IE9xsA,10
2454,0TOWcmuge8s,10
2455,8SvugCZ9Vkk,10
2456,6-avIf_pwUY,10
2457,4nFl_JnYUH8,10
2458,3kBlVLkN0zo,10
2459,8ZcAYJtFjvk,10
2460,6VH7PWyMRIY,10
2461,--mMv-eQ2yQ,10
2462,7rSNwPIs4N0,10
2463,0bStICC7mUI,10
2464,3UeZLkYD-zw,10
2465,3x9WnpPeenw,10
2466,43IIGFzL6_c,10
2467,8pY4qosFRa0,10
2468,2NAiGvy45LE,10
2469,-5Vzl5XrIMc,10
2470,2IeOocYiQyc,10
2471,69Ll0798BzM,10
2472,16v-_tPDAXI,10
2473,6xWdHhGJoUM,10
2474,4zMXeb3J0lQ,10
2475,4AYySiliYAw,10
2476,40jdvtFhRhY,10
2477,8x3hZe2q2cE,10
2478,86yYvosT7i4,10
2479,8u3IVrtMy-A,10
2480,2nigkxWmh-g,10
2481,97FmqI0hQGA,10
2482,-O2S-coiv90,10
2483,8Zo_sopbYiI,10
2484,-PCGe5-I9_Q,10
2485,1760Zs-Rezw,10
2486,0jmA8pubdV8,10
2487,3PL62twAWwM,10
2488,35fhONQ6R6s,10
2489,0q8lKEbzVcI,10
2490,8U5J5JR8vMQ,10
2491,8oHYrSvfM2o,10
2492,7hjhGQCkw4Q,10
2493,2g7kFCWWjEw,10
2494,6_aaPAoVO_0,10
2495,3YkfTUmsh6g,10
2496,3pb6aR0Y_-E,10
2497,-HgUFusTA1w,10
2498,2Z4SnQEpavM,10
2499,2FPKZIAUNIs,10
2500,7Fa0CGltW9I,10
2501,6KrbNjkVfDQ,10
2502,4_u7bY79q5c,10
2503,6-xy21Wa_4w,10
2504,78yrwc9y1ik,8
2505,3aTDYxyF6bc,8
2506,0QzC8ORgZlM,8
2507,2HIcBRftdHQ,8
2508,76FDHAAf6ag,8
2509,5Unut8KldHk,8
2510,2Cvw3f6g2c0,8
2511,2u9uWvVgULk,8
2512,33D-gg4ZYyc,8
2513,3v7q1xTR2LQ,8
2514,-gk3LALyrZg,8
2515,-bnjqdi3nDE,8
2516,6ACAK_V33bs,8
2517,2AxAYXhrLGg,8
2518,6dmyeQrGZJM,8
2519,-rP7QaqnA3k,8
2520,794CLziIitU,8
2521,-OIY3tRRGwg,8
2522,2o_oXiLOXpg,8
2523,59D_uUSLNQc,8
2524,2mmXoqiCOcM,8
2525,1-9KSslytrk,8
2526,1f9QJVrgs7Y,8
2527,6xu13pTAguU,8
2528,03Hgkn0DIA8,8
2529,5fKWiCTFZgk,8
2530,54TUIAhPjM0,8
2531,3AQFAFy1RCw,8
2532,3zM_vofZb8g,8
2533,4xrFWU6Ir58,8
2534,580fTacikqk,8
2535,4VkDJVQ0GfA,8
2536,404cD3bVXDc,8
2537,0E0o-8_58fw,8
2538,1vQZZPcRtx0,8
2539,2Rq2cR19NSs,8
2540,6T2jEKesKXY,8
2541,5R5Dqf2jDl8,8
2542,3n7sX00cTfc,8
2543,73phKdahss8,8
2544,1b2YZNhlqtg,8
2545,3qUbjqwGIx8,8
2546,0E54ik_vxRc,8
2547,5XAQtqdwHs4,8
2548,5K_c4LG7CEE,8
2549,1td9aN7Uyl8,8
2550,1icEOZdgkVY,8
2551,5OpofS7t6rc,8
2552,07m3-FOJQ-Q,8
2553,3ZqnmeJ_ubA,8
2554,-PNqdzaF-wI,8
2555,-32IrasDuMg,8
2556,3bJJj6UGOqs,8
2557,2YrdbClQARE,8
2558,6DTs2GTeo1c,8
2559,-d7tBjntkW8,8
2560,-cRjlU1MFnc,8
2561,6DLN8tVcGuE,8
2562,79POyHO-x-Q,8
2563,4P_mI7FywCo,8
2564,0844IZkzDRU,8
2565,600A47_b9i4,8
2566,31RoH8KSJMo,8
2567,5v7pr-IeVyA,8
2568,4vLJTOVpwuo,8
2569,3VUEqSpFZu0,8
2570,3oS1DK_35z4,8
2571,25P7qZO7D5E,6
2572,1PKemz-clRI,6
2573,2EuKVpWHuy0,6
2574,-M6r14m8ctM,6
2575,1S39w5HmIdU,6
2576,0jS8QrZDNtY,6
2577,2BZji3xXLY0,6
2578,-Ga9sSkpngg,6
2579,15w5MOkhlZI,6
2580,0sbkEsiPq6g,6
2581,1JFVQ5XHQUM,6
2582,0zko3kG7Ayw,6
2583,19fcAInBxQQ,6
2584,03-DiPMGjO4,6
2585,1jZuRipbx_0,6
2586,1pH633JwD8M,6
2587,0lDi5WzL3Wk,6
2588,1hb8Y964l4E,6
2589,1zhxj3rpBcU,6
2590,1tNYuSweKpQ,6
2591,20SQ6TwjChc,6
2592,1AN5Mw54TB0,6
2593,1FHVSLdJLD4,6
2594,1l858z8JdmI,6
2595,1gPl1s-ZJrE,6
2596,1FguW6m0lwQ,6
2597,0OQv6lO50nY,6
2598,2BLhDlgeUbI,6
2599,0LJ1Wzda0QE,6
2600,-FEXRjcryZE,6
2601,1vFbsn6XfMI,6
2602,0HBAshYFBCU,6
2603,-asB1JaTIy4,6
2604,2HW0-AnfZ5I,6
2605,20G6c9gIHug,6
2606,-HeQfwKbFzg,6
2607,1L41_50TpU4,6
2608,0dXaMuJDY9g,6
2609,-ZvRwGdJ3nY,6
2610,-x-U1E7yolg,6
2611,-x0bMWD8ftg,6
2612,2AQJGLm5Px0,6
2613,-i9JrqjYI3Q,6
2614,-z-09mIT8EM,6
2615,-12Z-4hvmyU,6
2616,-HzzEuFBiDU,6
2617,-7B4pbkIEas,6
2618,0FJTPgjCfao,6
2619,0G0mSrzOZ2M,6
2620,1S6M83V1LjI,6
2621,-8YTu7ZGA2w,6
2622,2ALDrHu6ZPk,6
2623,0CFPiVzxuWc,6
2624,-rKcmCOBuRc,6
2625,058yNW0UZ48,6
2626,05fWVEnDyDA,6
2627,1bTqpdsaS88,6
2628,6VRcINAY7KE,16
2629,1xg5haxzjFQ,16
2630,-eV9hw6kPRU,16
2631,6NOW0_HuUCQ,16
2632,49wP_Zmqkyc,16
2633,6hS3y44hjrI,16
2634,0NOfrBTZC_M,16
2635,-GnKRy1-NFo,16
2636,92sTzXubUgQ,16
2637,67PlMRhS5qc,16
2638,0knV4q5Sx_c,16
2639,0M3AYnUPk4g,16
2640,2GfYNfKtpK0,16
2641,2Dv8SGM7W1A,16
2642,7SChBv97cmg,16
2643,7ckyVndW6R8,16
2644,2mBAi3PkE4U,16
2645,6-DAiSEzRA4,16
2646,1SAw44hg6sg,16
2647,5jPxN86-2P0,16
2648,5NqpmNqPDeQ,16
2649,32QJbdusIQw,16
2650,0IStDugr5uA,16
2651,7ly236Hvae0,16
2652,6tXkKR9EU6w,16
2653,0rbECchexqE,16
2654,384nku0gUe4,16
2655,-ZkNKo9mEFI,16
2656,3O92j7ue-hE,16
2657,2XVl8t1-XOM,16
2658,7TRrkoz8iYw,16
2659,6YmkVpYLK0k,16
2660,6gLbCktiyAM,16
2661,6-WxHsmNta8,16
2662,-R69Fa-mCaY,16
2663,-g-_Lwk4iDo,16
2664,5zSPUfVm32A,16
2665,7bMHefrBuYg,16
2666,6LqiQrUchhM,16
2667,0Ux3G_cg79s,16
2668,7K40HZUhoqs,16
2669,-Jy1RH9XZz0,16
2670,1CQR2Nh6ZaU,16
2671,33SlPXN3NPk,16
2672,73mQmyZZsSw,16
2673,-DVM0BK_h5A,16
2674,7YkRGfxAA8s,16
2675,-8S9TKWIOSc,16
2676,3Sby3LP-cbU,16
2677,5a_LPLNtBQs,16
2678,0BMj7EIexwU,16
2679,8WMRrXWeepA,16
2680,4f1R36qriMc,16
2681,5HkTArPiX8E,16
2682,610TuLNPepE,16
2683,8Il3FjtL0Rs,16
2684,4YPYs-bHaR4,16
2685,83C1jdaWwSg,16
2686,0UgbKFIfyGY,16
2687,1JWevjhd6Wk,16
2688,93C94T6TfhA,16
2689,5jpVVYSD1gk,16
2690,3C1EACXWbnM,16
2691,3RFUrX4lRM8,16
2692,45RDZ3owtvY,16
2693,0o-iYXYbPCE,16
2694,0QZ-JK2Ch4E,16
2695,5IxlZtup57Y,16
2696,4leF1RwXFSE,16
2697,0tray-DsgLA,16
2698,22fW30DrCU8,16
2699,2WogzOS_D9Q,16
2700,-lq97ErUIZQ,16
2701,-MwY3HhnYVY,16
2702,52ZWWG4WnSw,16
2703,2IyjdEYNwnY,16
2704,1SqYA6OW3ns,16
2705,0j6rg-m7C5g,16
2706,2HLpx5mqvW8,16
2707,8PEb0vP7xWc,16
2708,-zHk3s6BkpA,16
2709,0dMJ7dlPzWs,16
2710,7eAIvG3uFjo,16
2711,5CkG2GTiK4M,16
2712,7-18CoeAuA0,16
2713,4kd99qbm25I,16
2714,-4w4BTgp3hk,16
2715,0hMZVFUXwHo,16
2716,8yBGrAo62iQ,16
2717,1KyF6q2TTEA,16
2718,41_75OEwYGo,16
2719,3sMa94JiLZI,16
2720,18NpKwKl6Rk,16
2721,0s0FLwW_Zsk,16
2722,29y1jdo96jw,16
2723,4iNH5KcANLw,16
2724,5OWCQl64pXc,16
2725,-oL-TYoSpzs,16
2726,24ywlO1l1mE,16
2727,2aQ4JPV-pBM,16
2728,-mMYhIxQXH0,16
2729,0fjrDsLr_aE,16
2730,54PhWYrDTgw,16
2731,1ur8hokq-Cs,16
2732,2kqRYTWKKIk,16
2733,8np7wFQdfXg,16
2734,-x5unSmYREU,16
2735,8VbyyhCscVc,16
2736,8NY3TWbkg3I,16
2737,5bM3Syf1KN0,16
2738,5F19VZEOOzc,16
2739,5CWAf-BtBCQ,16
2740,0eXu0vIIMVc,16
2741,1C0bH19uXh0,16
2742,-RNbb1ZTu8Y,16
2743,7EJ1TlhoFKc,16
2744,7Cm9bUZNVuk,16
2745,8wQhYN24WMM,16
2746,7cPo0JhnJjQ,16
2747,-Lid8aDC01I,16
2748,7YDNwy5GKGA,16
2749,7YUPoS4bD24,16
2750,-eztaN83LCY,16
2751,4IXh4lRq_Hs,16
2752,4voVgILqCoA,16
2753,0ZJehw_Ug-g,16
2754,2LL9rfu1PRg,16
2755,3Uxn1085Ld4,16
2756,0NV_lqGSV2s,6
2757,1-uo7YWqF3Q,6
2758,-2BR7sVLPCE,6
2759,-Hh5VlW3pFE,6
2760,-NrpfrEGq5w,6
2761,-TYGdSo47xo,6
2762,0N1kcuX-OzU,6
2763,-HLTp7gPBEw,6
2764,0DtJdRFPmS4,6
2765,-opg33-301Y,6
2766,0cLM26AotU4,6
2767,0Am7X758-Ek,6
2768,0-DNtl3i7D8,6
2769,16qY5bRnCIA,6
2770,-rGHegPzCpc,6
2771,0JjBqqqpFQc,6
2772,0ZyO42c3QEE,6
2773,141v5oRfUHM,6
2774,-sTnP0BeOS4,6
2775,-RdJHmQRQBc,6
2776,0JNJup0MbiM,6
2777,0XMeGiszPYE,6
2778,0JBwMNEkT_Q,6
2779,0gbDQgRMlR4,6
2780,0KpBwr4IzrM,6
2781,0R4uO4Vy9c0,6
2782,13QUBj_VlIc,6
2783,-w3qkf-V-PY,6
2784,0_kuKQlFKZg,6
2785,0WLZoOhg4LE,6
2786,0LvT0CnBxJg,6
2787,0kN-0Fd438w,6
2788,12DVEOpqaBs,6
2789,0ZZ_wdnsc10,6
2790,0wIzA4IT9pk,6
2791,0fbZ0tskFjw,6
2792,0mPGogIwkhk,6
2793,-PK81pz3534,6
2794,06Mm032486Q,6
2795,07RqWEmSIzA,6
2796,-K4YNOAqf9E,6
2797,0ylf1enGlGw,6
2798,0q1Ytfn8yMU,6
2799,-nUTC_TgRCk,6
2800,-Ivf63hDvzc,6
2801,0F7yaWNgTGg,6
2802,-2kErLFAk5k,6
2803,0W_gYR6p-D0,6
2804,0MdkcazmOEg,6
2805,0KsA_9pti2A,6
2806,0rT6_dsReRk,6
2807,0mbqh5N2olU,6
2808,24wb6efOb4w,6
2809,-7uB0O_imb4,6
2810,-v4mnvwHHXM,6
2811,-AfJKhf6P3U,6
2812,09nSnH52l5E,6
2813,1Mn746Z3z64,6
2814,1PVQpJRKSmc,6
2815,0Zx-Jsv0frs,6
2816,0Q7puDxRQ0g,6
2817,0e_96pcTzKQ,6
2818,-DlpGYhmO4A,6
2819,-yIX8Jn8_xE,6
2820,1ni2n7qcjDI,6
2821,2BmteeUl5IE,6
2822,-2TWQG-UIug,6
2823,1dzHeBGZ6zA,6
2824,28uKkF5kal0,6
2825,031vhuk_TIE,6
2826,-SA7KkTZVLg,6
2827,08ty9EupxAY,6
2828,2707wKpFKNU,6
2829,0y6GuTFwHT8,6
2830,0FgdBZZ_p_U,6
2831,-pbxZsS46l0,6
2832,1vIeAq7LWJ4,6
2833,-24upzjhJkE,6
2834,1X5JrJwNOZw,6
2835,-vzV7iufYUM,6
2836,0ijnYlcJQ6w,6
2837,1OB2TC-aAqY,6
2838,1AChh0gWG2Y,6
2839,22v1cEKvuzA,6
2840,-PjURNLAvJk,6
2841,-a-wlKLZrZk,6
2842,-0TTFAArJ9k,6
2843,0DAv1iGmE8M,6
2844,-TZmzuXs5j0,6
2845,0yi_TPU7aJE,6
2846,0qlmhspx2QY,6
2847,-EWvMAkKDRM,6
2848,24s-IJkY8SU,6
2849,1KCSr5ZzcLg,6
2850,0Imh6WB4s70,6
2851,04sM4m4NMeE,6
2852,0hdET5bXEwU,6
2853,1SSWnom8y8w,6
2854,15zkG9rNDx4,6
2855,15A-Kc9BlHo,6
2856,2QTH4_WQlgg,18
2857,1NbkO1auM1U,18
2858,-BZ6I5i_kW4,18
2859,1ZL1yUitzWI,18
2860,1sGbBTYBxDg,18
2861,7CrU_VpMADs,18
2862,6O-2-LU4V1w,18
2863,6fcdYBdZ7qg,18
2864,0lqGcL0-uVA,18
2865,4NZCBEZbIDA,18
2866,2k0odEpLIkc,18
2867,53jtALXeS7U,18
2868,6mzqYl0UccI,18
2869,3pc-_xaVLik,18
2870,4z2LSoUlWYk,18
2871,0aZ3vvM4V34,18
2872,3slY8qx8ZeI,18
2873,1IgfQE4GT1Q,18
2874,3OBX7R7QzgY,18
2875,13AbnrWanPk,18
2876,3FrK3RhGFGc,18
2877,1ekAFZ9NAb4,18
2878,2ErfX6ZT5pM,18
2879,0uIe4dKUC1s,18
2880,-NW2pPAToFM,18
2881,2hJBV9mb1CA,18
2882,6-Ok_3WzP5k,18
2883,7cgTsdhfn7s,18
2884,16b9HjgnmrY,18
2885,1aNLeVBB9RQ,18
2886,0pog2KWcd9c,18
2887,4tj_DVfp0ME,18
2888,0xh0x5wL_lg,18
2889,0sYcEVTfF2E,18
2890,4IF49XmNCaw,18
2891,6OyU42uWOo0,18
2892,-8ju6V8B5Oc,18
2893,0iXJOAHwsYg,18
2894,19PS9dyGe64,18
2895,-wyF3xGM95g,18
2896,7Qgy2XzDSwo,18
2897,3rzg4ObzNL0,18
2898,3drnEnI8bls,18
2899,6YKWV3Hcsp8,18
2900,5oyi3Y7pSI8,18
2901,2CJmpimozlY,18
2902,5X8F5Sthk4Q,18
2903,-nWUVq5s7cM,18
2904,7yjRBNhB9FI,18
2905,0ZVdHyRbCCo,18
2906,5UhruQpf9Rs,18
2907,3RaZ_DvJEsM,18
2908,0JaJdfEOar0,18
2909,2rbGcfo-k_Q,18
2910,4U9CtLJhpsQ,18
2911,3XZcJfZsVhA,18
2912,0fr57nOHOEU,18
2913,26-HMlPhve4,18
2914,5-AIETMDRaI,18
2915,0gKyoOENUBM,18
2916,1V4NpKTUooo,18
2917,5n_V4gu8Fu8,18
2918,-dX5RtfumBA,18
2919,6uay86VYVY0,18
2920,6MBc6UrEv5Y,18
2921,7siHuS7Veio,18
2922,0eh_N-cmcuI,18
2923,6F-1DUQjoGY,18
2924,340EYwluUio,18
2925,4pgGIwd2wto,18
2926,7__8AVfo2bk,18
2927,3YGtfWG_KT8,18
2928,462mYhjswJo,18
2929,5cRwwBaGtTA,18
2930,6U7HcpVhQ1A,18
2931,6fUn9gGkTIo,18
2932,-2FVPRdbLdA,18
2933,20nyHEh2HW0,18
2934,0j9aw8s6s1s,18
2935,7HakzscblZY,18
2936,4GqZD3eNvIs,18
2937,4NHy8ARu1cc,18
2938,3fLlgNDZjLo,18
2939,7ih9QYtw9ko,18
2940,-aI2lItV7zE,18
2941,6gbLFPKcV4A,18
2942,-F6GfPwjLWo,18
2943,6IIDZWPcSd8,18
2944,4uRizWpSXAc,18
2945,27tTKJuekQc,18
2946,0HWIjjmpVtY,18
2947,1PLtmuFO66E,18
2948,6gtQ1amk3sk,18
2949,4nN9QuT_OJM,18
2950,2IxkjMrJxng,18
2951,0AkjDhg9u24,18
2952,0iSQ-tdp1mo,18
2953,-LnYUCuNUuI,18
2954,6Fc6-GVxFcU,18
2955,3CGHvxFDc3Q,18
2956,2cli1cg7SSA,18
2957,4CszE2N1TGw,18
2958,4psMVnfOCIs,18
2959,59UL9Up9a3o,18
2960,706Lzd73Ib4,18
2961,6OTNz254tQw,18
2962,2n4qR03SjnY,18
2963,2cBdAvV0_zs,18
2964,-fC8_UodWjA,18
2965,3-0K2zuTwl4,18
2966,165AVh_q4iw,18
2967,0plDocPM9Ig,18
2968,7pxNDwMWoIo,18
2969,6ExErkijGaA,18
2970,0um2ui52eyo,18
2971,-ygqz4jLcsk,18
2972,4MILPH5z3no,18
2973,1Tb7c70fJBs,18
2974,0z5TRiOKlX4,18
2975,-0X1juZHG6I,18
2976,53ktQBZmxUM,18
2977,46UxneRS0Vw,18
2978,3lw0xavwWGE,18
2979,0mj46Xhzx1Y,18
2980,5S6J-aM-BAU,18
2981,7UynE2aCvIQ,18
2982,0xdJWDNLZrE,18
2983,6iK8csUljY8,18
2984,4SIuuAQ3YLk,18
2985,1sTktH04-fw,18
2986,5bIuMNKRpTk,18
2987,2BwiNhqCOFg,18
2988,0PcvfVZo9e4,18
2989,-YkIP4iqElA,18
2990,64coFYUI4f0,18
2991,5EcrQhp7We0,18
2992,6MGkrvH8Ntc,18
2993,79y6PHjXnd8,18
2994,5sJchly9MHM,18
2995,13YvwUoLde8,18
2996,4r8uFqPOpqU,18
2997,2jAVRDkz42M,18
2998,4ltnOsbLIJI,18
2999,0U6b1Vnj3G0,18
3000,NGeniwxDzJ0,10
3001,UtnGtAYOPgM,10
3002,PI7yhz-tJHE,10
3003,TlOn_lpCm18,10
3004,LVB5JLa02Ao,10
3005,IVGD0NIQV8A,10
3006,EQpGf4WuG7c,10
3007,Pdq_2YWF1uM,10
3008,IvVnD_mLBuk,10
3009,QUZvIWAZR30,10
3010,3HZW_jh_W1w,10
3011,N0e-DZo7gDk,10
3012,CGk8_igDsrQ,10
3013,ClHChIXxFEA,10
3014,5rSgETYVSos,10
3015,Gnu1-w9OGME,10
3016,32oM4n7_zIg,10
3017,Oa-tEOY8AbM,10
3018,38uu1ak250Q,10
3019,5xzWbwNa7ao,10
3020,AWH7nE0vekg,10
3021,E42iUkOceR4,10
3022,HnfWFs-WAaI,10
3023,OOOBgAH8wcg,10
3024,US_NJY_cGqw,10
3025,TiUhiac-h9g,10
3026,OdA8N1rJiqI,10
3027,1Y6VeYpbjTc,10
3028,TnHgoYkQNJw,10
3029,CkEHOGkaWVM,10
3030,0Vs7nFMvXNY,10
3031,-b4JMeZ0b7o,10
3032,7RAzgVy3rIQ,10
3033,Nhzfm5a_Ccc,10
3034,6vFGQG5S0sE,10
3035,TqF9Sx4H80k,10
3036,Dfh6xRSGlqI,10
3037,QSgcILqpobA,10
3038,N6IZKKaC-g4,10
3039,FYb9xEnGCe8,10
3040,SdfCXfi8rEQ,10
3041,4tgjvpFd6mc,10
3042,1kpACW26nwQ,10
3043,QaOUSPDHEf0,10
3044,P2rxsLfj0YM,10
3045,HhhOprRsph4,10
3046,S_AabZx8Dt4,10
3047,RnoOv3CclYE,10
3048,MHyPznr64D0,10
3049,DjmrZ8XuPvw,10
3050,MdhzTOn1VL8,10
3051,5wZT7mokZU8,10
3052,CtateQuT2dA,10
3053,HH8vEISptZs,10
3054,8lXrIvCE_8k,10
3055,T0VG1tFyQqk,10
3056,SzDNOcKjv0w,10
3057,5ythNyShhns,10
3058,0Aej-3XtYe8,10
3059,V4oMJ55Y0tQ,10
3060,FK72LXvYczQ,10
3061,7kG36hjhqjI,10
3062,2EoPvjQBmYw,10
3063,AElKZMncLE8,10
3064,A9m3IfjUHzU,10
3065,1hNwQMJtGew,10
3066,-egjyoLyd9M,10
3067,4nvAbP6wXDA,10
3068,REmLDxwkVbI,10
3069,OAu1bLMPjDU,10
3070,6w4l_n6EtSs,10
3071,0ZrKs1wPhj4,10
3072,HOJ2UB2cgHQ,10
3073,2t0HUQleGwU,10
3074,GitfyDrmRMA,10
3075,L4Z-cfsZpqM,10
3076,AtzjFy0J8Pw,10
3077,PknTjUTTUkU,10
3078,E5GTVPpvEdA,10
3079,Do4yhF0qy2c,10
3080,XPOmFzI3d_4,10
3081,Qlwi0rip8Ok,10
3082,GYvApvHOPXc,10
3083,9-iVuKsU8ZI,10
3084,ByNj4TXWBEQ,10
3085,GFQh_g43VJg,10
3086,NhGcMBr02XU,10
3087,B6FTK6wDxek,10
3088,0REH7oc48C0,10
3089,5qighAQ1e9o,15
3090,5csyeJ9nUS0,15
3091,-JsikDzLCCM,15
3092,4GfRuU0co_s,15
3093,1_FTfTT2LAo,15
3094,5O8BDxtMyJA,15
3095,-iiS6mvkJ98,15
3096,654qgMz76aw,15
3097,5s-U1c1v1pc,15
3098,1Thqsodw3zI,15
3099,3G5jnxpYvuk,15
3100,5mNBJX2k86Y,15
3101,-wJ_UfBsiR0,15
3102,0jAkSpqFe4s,15
3103,3lFpHntzsQk,15
3104,04iE2o1tI8A,15
3105,5kk8Lh-hkDA,15
3106,5bxBvNXyvMg,15
3107,12oeAh4LY5M,15
3108,-B9wAxd_V1Y,15
3109,3L-W2J58JIQ,15
3110,2VrHvYfwDJs,15
3111,3TgynDX3F24,15
3112,-e-68LOpw8k,15
3113,1VH8orDEFWQ,15
3114,0AHmq7QIw84,15
3115,0woZIMV4oUY,15
3116,31hTm01pRWc,15
3117,3T78h81cfjc,15
3118,3wSDhSz2Vso,15
3119,3WUg_23Of9M,15
3120,0Pk3d8Qn6p4,15
3121,4le8iYwhXWM,15
3122,4eA0l180YJ4,15
3123,2gbZcKSZrIw,15
3124,1zhF0576vOE,15
3125,1UmPZEeakuQ,15
3126,1oH-wBFq1W4,15
3127,-uC-9agJePc,15
3128,606_sP5xcBE,15
3129,0QkQ6rmXaoE,15
3130,1Qcxwho5ZLQ,15
3131,1WU5LO1iuAo,15
3132,-KWCA1xtWMw,15
3133,4sSDv9FgoEM,15
3134,1oPiseY5V7k,15
3135,-g4i39nadkQ,15
3136,0Y1JH8PdHAA,15
3137,3VwTd49SD20,15
3138,2gKVPdwv_V0,15
3139,4n8pYPmS5Qg,15
3140,5EFaFY2DC2g,15
3141,-KTh-902ahg,15
3142,5lg7tAt37Mc,15
3143,5e4u9ZWa8-A,15
3144,1hpHdOhsYH8,15
3145,5G6475OUa2U,15
3146,3dd6zwvS_T4,15
3147,1PKD-E08Gjw,15
3148,5vim6-ZYt3k,15
3149,102AA0bK0MM,15
3150,4MaM8LiTnKI,15
3151,5u9QqiB08Fg,15
3152,6OItIlBb3HE,15
3153,0OtOrR70M1A,15
3154,-1qyr-IzqKY,15
3155,65grl-RBeYU,15
3156,-F53UmpWFVI,15
3157,6C57bZcFspA,15
3158,4ia3v_BKSwc,15
3159,2NXBlEASDaE,15
3160,052IeR23SLY,15
3161,4Dpz0hDkzXU,15
3162,3KX4lLlY_wE,15
3163,2TkdxEYOXok,15
3164,0gdMrriLgq8,15
3165,-Dqi6nNtnWI,15
3166,-LnO0gwFvTU,15
3167,48lpcyiTxKc,15
3168,1PgwxYCi-qE,15
3169,09o2OwlUCGI,15
3170,1z95dJG7j_w,15
3171,4sPa8dPpxQo,15
3172,-SdAy1I4yMA,15
3173,0WMRsztTttc,15
3174,5T65vrJoRpw,15
3175,2pUReM-XxNM,15
3176,09C0k_WRvBs,15
3177,5UMC51-0gtY,15
3178,57A_SvVsXhs,15
3179,3ci1kPrKql0,15
3180,1lyeA4D3Jdg,15
3181,4dN9JkRUQeU,15
3182,0N4aDYt8vmI,15
3183,0XGHiumhpJk,15
3184,4Hg_lTiWAFU,15
3185,1xp2bkdhYTE,15
3186,1BonlocdKno,15
3187,1Mxp8x6oMLA,15
3188,1YOusBqwlH4,15
3189,3YbDIoaSToo,15
3190,0v6guMGfNSo,15
3191,5hExI3Kf6bw,15
3192,1A714kYO3-c,15
3193,5z-8lQ4wcUU,15
3194,3bdNfXk6LBw,15
3195,0AcaYTOIa70,15
3196,57UBmQWiIAQ,15
3197,56g7w0ILhR8,15
3198,120GV2XLt24,15
3199,1jY3hxEIoO8,15
3200,0jInA3DyU5g,15
3201,1-oHRmh1WW0,15
3202,62xEtryKV3c,15
3203,0py8-5vgb4E,15
3204,5cO9CHPsJw8,15
3205,37OWeVIR4mY,15
3206,5FrzM4rzrpM,15
3207,3V19BOXDtfw,15
3208,5msMrDJBc2k,15
3209,4vO7r5CrjMk,15
3210,11k9cuOKQp4,15
3211,1h_DLog2ShA,15
3212,0zlyBNNnMPQ,15
3213,7ZywE3aGJic,15
3214,5EMLPHVw-Lo,15
3215,20vPrINHeuA,15
3216,0fUNY8A28ec,15
3217,3_behQKsK4A,15
3218,5LA0aVjMj0I,15
3219,37CYsr_mYcU,15
3220,3Sybiyy5-84,15
3221,1YddwZeJclU,15
3222,3HCjfsCbhSg,15
3223,3yb8RCz-inc,15
3224,-xLzza6Vs9E,15
3225,3fNSt8308kA,15
3226,3tD9tWqs3vY,15
3227,1comymCkUOw,15
3228,4VXGKgVs7OM,15
3229,4AoJaUOj7qA,15
3230,4yyTYJqbfrM,15
3231,0gZb1vbQ7Dg,15
3232,7ydfkPYAdP0,15
3233,7PZl6hYrQGo,15
3234,--euLrzIU2Q,15
3235,8NfFipaUxIA,15
3236,-ty5tv-2kys,15
3237,43JxC3HEirI,15
3238,1h1Ldj0AIyY,15
3239,022HkidFvBM,15
3240,17oPgmdAHpQ,15
3241,-0SMihT1X90,15
3242,3taeKIlR87Y,15
3243,29xIeTrEEiw,15
3244,0pnDOF3NhMQ,15
3245,4ftnQdEaLO8,15
3246,0AYVQiBZsAc,15
3247,-kCqe6T5Z0g,15
3248,3s0QRMuXTnE,15
3249,-bWRe1Ye7Ow,15
3250,-REcc2uRttE,15
3251,2rubMZze1XQ,15
3252,3qJhvEuf5Dk,15
3253,65lcpTDdpDs,15
3254,62AGEzbSDl8,15
3255,4KjRofnCO4Q,15
3256,76mwPlRcZ5k,15
3257,3kA4083nS9Y,15
3258,1u3hR1PNYf4,15
3259,5xzuSZKj0uw,15
3260,7YW4KPkvQQE,15
3261,2b01qjRiEH4,15
3262,0JIRUKnBBSw,15
3263,519276Ov9DM,15
3264,7-4PhH-u8Cs,15
3265,-ttXM3IZWdw,15
3266,2gh21ppLuWk,15
3267,1IW-nJTL6ks,15
3268,3PZNLyK_qDk,15
3269,3MB7Ek2Bulk,15
3270,2vRtLDpWArQ,15
3271,3OzTXUq0LF8,15
3272,2MImeCGPEYA,15
3273,1R41x5vaZrc,15
3274,0VlA12PFjyA,15
3275,49joX0fGwbE,15
3276,5xufy1oMIuk,15
3277,-8CXD9jIrq0,15
3278,-FlzvDmSB4U,15
3279,1f1lKnzb7t8,15
3280,7snuAKV2CBg,15
3281,0IJdy122ZBU,15
3282,3etiG7dVUnM,15
3283,4GEjlyAL09E,15
3284,7OVe6SsV6do,15
3285,5VMt2G3kRnc,15
3286,6J6WXWwbwzU,15
3287,7KcETZ7OImA,15
3288,2xtFceWmoN0,15
3289,71JU92CgsqU,15
3290,5LU3qvw9Bn4,15
3291,8WHUz9HFFTk,15
3292,0DjLttpnWno,15
3293,8TPo-6akAVg,15
3294,-heyuRyaZm8,15
3295,1T80lR_imB4,15
3296,1n7amzH3-1E,15
3297,6_gti7xIhWA,15
3298,4Re2sksC_ko,15
3299,0ZaqZ7fiYKU,15
3300,6hBBOM8wkzY,15
3301,3DT3b2CFlPE,15
3302,4lWP5aaxR2A,15
3303,2pZsbtl-iW8,15
3304,4O4cWtwQ2dE,15
3305,32Z6WApx7qM,15
3306,-d11gZAN7lE,15
3307,-WaJBvz02No,15
3308,8RoMeFFg_xg,15
3309,2ANGsFElxj8,15
3310,0cwleiALqyg,15
3311,-fUNb4eiu1w,15
3312,0hNe-q4UWQk,15
3313,4U6nLmvOACw,15
3314,4BazFix9xzg,15
3315,7Ykwy_WiS4A,15
3316,1zTYiYCegfg,15
3317,-M2VRuI_fuM,15
3318,3XrjcaKqnP4,15
3319,6pnALL8037Y,15
3320,7vIzSOOkwJk,15
3321,4cRs2izu8GI,15
3322,3n6MExM371U,15
3323,0IklLP7_kBw,15
3324,1y75PiDzWsA,15
3325,-_9pg2ryrx4,15
3326,6f0kIeKOOfg,15
3327,-wGAzd51XRE,15
3328,1YJx9DzvNRw,15
3329,07N2Oq2BT-c,15
3330,-gREEONxBkk,15
3331,7OYOdKAwfUY,15
3332,7bJAub4sn5A,15
3333,4Eh9n5CrXLk,15
3334,-mMr3S6543A,15
3335,-pC25Hmn8mw,15
3336,-w1wd2EqrLU,15
3337,47fxC07DN8Y,15
3338,0YjhnZRUi-0,15
